id	file	offset	src	tgt	hex_len
sys_000	SYSTEM/DEMO.EMI	42128	セーブには 1ブロック必要です	存档需要1个区块	17
sys_001	SYSTEM/DEMO.EMI	42146	ファイル{占位01}に 新しいファイルを作成しますか	文件{占位01}是否新建存档文件？	25
sys_002	SYSTEM/DEMO.EMI	42172	ファイル{占位01}に 上書きしてよろしいですか	文件{占位01}是否覆盖存档？	22
sys_003	SYSTEM/DEMO.EMI	42195	このファイルに 上書きする事はできません	此文件无法覆盖	23
sys_004	SYSTEM/DEMO.EMI	42219	DATA ERROR	DATA ERROR	10
sys_005	SYSTEM/DEMO.EMI	42230	方向キー上下：メモリーカードを選択\n{色0A}	方向键上下：选择记忆卡\n{色0A}	27
sys_006	SYSTEM/DEMO.EMI	42258	{/色}：決定\n{色0A}×{/色}：セーブ/ロードをやめる	{/色}：确定\n{色0A}×{/色}：取消存档/读取	24
sys_007	SYSTEM/DEMO.EMI	42283	方向キー ：カーソルの移動\nL1·L2：\n時間最大から小のデータにカーソル移動\n---\nR1·R2：\n時間最小から大のデータにカーソル移動\n---\n{色0A}	方向键：移动光标\nL1·L2：\n跳到最新存档\n---\nR1·R2：\n跳到最旧存档\n---\n{色0A}	87
sys_008	SYSTEM/DEMO.EMI	42371	{/色} ：決定\n{色0A}×{/色} ：メモリーカード選択画面に戻る	{/色} ：确定\n{色0A}×{/色} ：返回记忆卡选择	34
sys_009	SYSTEM/DEMO.EMI	42406	メモリーカード差込口1に\nメモリーカードがありません\n---\nセーブが行えるよう\nメモリーカードの\n使用をおすすめします	记忆卡插槽1中\n未找到记忆卡\n---\n请准备记忆卡\n以便\n进行存档	62
sys_010	SYSTEM/DEMO.EMI	42469	メモリーカード差込口1の\nメモリーカードに 空きブロックが\nありません\n---\nセーブが行えるよう 1ブロック以上の\n空きがある メモリーカードの使用を\nおすすめします	记忆卡插槽1的\n记忆卡没有空闲区块\n---\n请确保有1个以上\n空闲区块的记忆卡\n以便\n进行存档	90
sys_011	SYSTEM/DEMO.EMI	42560	メモリーカード差込口1の\nメモリーカードのファイルが\nこわれています\n---\nこのままでは ゲーム	记忆卡插槽1的\n记忆卡文件\n已损坏\n---\n这样将无法	49
sys_012	SYSTEM/DEMO.EMI	42610	にセーブを\n行う事ができません\n---\nセーブが行えるよう 1ブロック以上の\n空きがある メモリーカードの使用を\nおすすめします	进行游戏存档\n---\n请确保有1个以上\n空闲区块的记忆卡\n以便\n进行存档	68
sys_013	SYSTEM/DEMO.EMI	42679	  ERROR	  ERROR	7
sys_014	SYSTEM/DEMO.EMI	42687	{框89}{码14810C82}はい\nいいえ	{框89}{码14810C82}是\n否	12
sys_015	SYSTEM/DEMO.EMI	42700	1 きざし	1 征兆	5
sys_016	SYSTEM/DEMO.EMI	42706	2 竜にかかわるもの	2 与龙相关之物	11
sys_017	SYSTEM/DEMO.EMI	42718	3 消えた王女	3 消失的公主	10
sys_018	SYSTEM/DEMO.EMI	42729	4 王家の剣	4 王族之剑	9
sys_019	SYSTEM/DEMO.EMI	43570	方向キー	方向键	6
sys_020	SYSTEM/DEMO.EMI	43577	メッセージ	消息	5
sys_021	SYSTEM/DEMO.EMI	43607	マニュアル	手动	5
sys_022	SYSTEM/DEMO.EMI	43880	ダッシュボタンを押して走るか、步くかを選べます\n>アナログモードでも ゆうこうです	按下冲刺键可选择奔跑或步行\n>模拟模式同样有效	46
sys_023	SYSTEM/DEMO.EMI	43927	カメラがまわる方向を へんこうします	更改视角旋转方向	20
sys_024	SYSTEM/DEMO.EMI	43948	方向キー上下左右でななめ移動に設定できます\n>フィールド移動のみ ゆうこうです	方向键上下左右可设置斜向移动\n>仅在地图移动时有效	52
sys_025	SYSTEM/DEMO.EMI	44001	メッセージスピードを へんこうします	更改消息显示速度	18
sys_026	SYSTEM/DEMO.EMI	44020	サウンド設定を へんこうします	更改声音设置	17
sys_027	SYSTEM/DEMO.EMI	44038	BGMのボリュームを 調整します	调整BGM音量	18
sys_028	SYSTEM/DEMO.EMI	44057	SEのボリュームを 調整します	调整SE音量	17
sys_029	SYSTEM/DEMO.EMI	44075	すべての設定を 初期化しました	所有设置已重置	20
sys_030	SYSTEM/DEMO.EMI	44096	方向キー上下：コマンドを選択\n{色0A}	方向键上下：选择指令\n{色0A}	24
sys_031	SYSTEM/DEMO.EMI	44121	{/色}：決定\n{色0A}×{/色}：ゲーム設定の終了	{/色}：确定\n{色0A}×{/色}：退出游戏设置	25
sys_032	SYSTEM/DEMO.EMI	44147	方向キー上下：設定かしょの選択\n方向キー左右：設定のへんこう\n{色0A}×{/色}：キャンセル	方向键上下：选择设置项\n方向键左右：更改设置\n{色0A}×{/色}：取消	56
sys_033	SYSTEM/DEMO.EMI	44204	方向キー左右：ボタン設定の選択\n \n{色0A}×{/色}：ゲーム設定画面に戻る（決定）	方向键左右：选择按键设置\n \n{色0A}×{/色}：返回游戏设置（确定）	53
sys_034	SYSTEM/DEMO.EMI	44258	方向キー：画面ポジションの調整\n \n{色0A}×{/色}：ゲーム設定画面に戻る（決定）	方向键：调整画面位置\n \n{色0A}×{/色}：返回游戏设置（确定）	51
sys_035	SYSTEM/DEMO.EMI	44310	    並びかえ	    排序	9
sys_036	SYSTEM/DEMO.EMI	44320	サブ画面	副画面	6
sys_037	SYSTEM/DEMO.EMI	44327	アクション	动作	5
sys_038	SYSTEM/DEMO.EMI	44333	·キャンセル	·取消	6
sys_039	SYSTEM/DEMO.EMI	44340	STARTボタン    ポーズ	START键      暂停	15
sys_040	SYSTEM/DEMO.EMI	44356	SELECTボタン   ヘルプ	SELECT键     帮助	15
sys_041	SYSTEM/DEMO.EMI	44372	タイプ1\n>方向キー左右で タイプを選んでください	类型1\n>请用方向键左右选择类型	31
sys_042	SYSTEM/DEMO.EMI	44404	タイプ2\n>方向キー左右で タイプを選んでください	类型2\n>请用方向键左右选择类型	31
sys_043	SYSTEM/DEMO.EMI	44436	タイプ3\n>方向キー左右で タイプを選んでください	类型3\n>请用方向键左右选择类型	31
sys_044	SYSTEM/DEMO.EMI	44468	タイプ4\n>方向キー左右で タイプを選んでください	类型4\n>请用方向键左右选择类型	31
sys_045	SYSTEM/DEMO.EMI	44514	会話·決定	对话·确定	9
sys_046	SYSTEM/DEMO.EMI	44530	{色0A}△{/色}	{色0A}△{/色}	5
sys_047	SYSTEM/DEMO.EMI	44536	{色0A}□{/色}	{色0A}□{/色}	5
sys_048	SYSTEM/DEMO.EMI	44542	{色0A}×{/色}	{色0A}×{/色}	5
sys_049	SYSTEM/DEMO.EMI	44558	方向キーで 画面フレームを調整してください\n>{色0A}×{/色}で 終了（決定）	请用方向键调整画面边框\n>{色0A}×{/色}结束（确定）	47
sys_050	SYSTEM/DEMO.EMI	44608	‥とりけし	…删除	5
sys_051	SYSTEM/DEMO.EMI	44614	‥すすむ	…前进	4
sys_052	SYSTEM/DEMO.EMI	44619	‥もどる	…返回	4
sys_053	SYSTEM/DEMO.EMI	44624	‥はじめる	…开始	5
sys_054	SYSTEM/DEMO.EMI	44636	』{/色}でよろしいですか	』{/色}确定吗？	11
sys_055	SYSTEM/DEMO.EMI	44648	方向キー ：カーソルの移動\nL1·L2/R1·R2\n     ：文字種きりかえ\n---\nDEL：文字をけす\nBK ：名前入力をやめる\nOK ：名前の決定	方向键：移动光标\nL1·L2/R1·R2\n     ：切换文字种类\n---\nDEL：删除文字\nBK ：取消名字输入\nOK ：确定名字	89
sys_056	SYSTEM/DEMO.EMI	44738	カーソルが合っている 文字をけします	删除光标所在处的文字	21
sys_057	SYSTEM/DEMO.EMI	44760	前の画面に戻ります	返回上一个画面	13
sys_058	SYSTEM/DEMO.EMI	44774	名前を決定します	确定名字	12
sys_059	SYSTEM/DEMO.EMI	44787	プレイヤーの 名前を決めてください	请决定玩家的名字	20
sys_060	SYSTEM/DEMO.EMI	44808	{占位01}の あだ名を決めてください	请决定{占位01}的昵称	17
sys_061	SYSTEM/DEMO.EMI	44831	どこでもメニューモード\nメニューをえらんでね{码14810C93}しゅくはくする\nセーブ\nやめておく	随处菜单模式\n请选择菜单{码14810C93}住宿\n存档\n退出	43
