字库,索引,字符
主字库,0,中
主字库,1,大
主字库,2,砂
主字库,3,嵐
主字库,4,泥
主字库,5,流
主字库,6,回
主字库,7,復
主字库,8,天
主字库,9,光
主字库,10,海
主字库,11,特
主字库,12,異
主字库,13,点
主字库,14,最
主字库,15,防
主字库,16,御
主字库,17,変
主字库,18,身
主字库,19,銃
主字库,20,王
主字库,21,夢
主字库,22,神
主字库,23,業
主字库,24,火
主字库,25,拳
主字库,26,鳥
主字库,27,斬
主字库,28,滅
主字库,29,殺
主字库,30,毒
主字库,31,撃
主字库,32,気
主字库,33,合
主字库,34,魔
主字库,35,法
主字库,36,陣
主字库,37,結
主字库,38,界
主字库,39,連
主字库,40,草
主字库,41,烈
主字库,42,風
主字库,43,氷
主字库,44,逆
主字库,45,転
主字库,46,邪
主字库,47,呪
主字库,48,爆
主字库,49,自
主字库,50,炎
主字库,51,立
主字库,52,羅
主字库,53,牙
主字库,54,波
主字库,55,水
主字库,56,破
主字库,57,土
主字库,58,地
主字库,59,絶
主字库,60,命
主字库,61,剣
主字库,62,曲
主字库,63,薬
主字库,64,純
主字库,65,元
主字库,66,玉
主字库,67,成
主字库,68,思
主字库,69,必
主字库,70,射
主字库,71,門
主字库,72,鍵
主字库,73,超
主字库,74,木
主字库,75,実
主字库,76,知
主字库,77,力
主字库,78,種
主字库,79,消
主字库,80,目
主字库,81,頭
主字库,82,真
主字库,83,空
主字库,84,雷
主字库,85,弾
主字库,86,攻
主字库,87,竜
主字库,88,勝
主字库,89,魚
主字库,90,鉄
主字库,91,素
主字库,92,家
主字库,93,刀
主字库,94,皇
主字库,95,帝
主字库,96,太
主字库,97,馬
主字库,98,霸
主字库,99,杖
主字库,100,方
主字库,101,多
主字库,102,発
主字库,103,散
主字库,104,上
主字库,105,筒
主字库,106,石
主字库,107,矢
主字库,108,飛
主字库,109,皮
主字库,110,賢
主字库,111,者
主字库,112,使
主字库,113,愛
主字库,114,女
主字库,115,初
主字库,116,心
主字库,117,能
主字库,118,装
主字库,119,備
主字库,120,状
主字库,121,態
主字库,122,並
主字库,123,設
主字库,124,定
主字库,125,用
主字库,126,整
主字库,127,理
主字库,128,見
主字库,129,捨
主字库,130,宝
主字库,131,事
主字库,132,誰
主字库,133,選
主字库,134,移
主字库,135,動
主字库,136,決
主字库,137,後
主字库,138,場
主字库,139,所
主字库,140,本
主字库,141,当
主字库,142,良
主字库,143,戻
主字库,144,向
主字库,145,左
主字库,146,右
主字库,147,切
主字库,148,強
主字库,149,早
主字库,150,別
主字库,151,効
主字库,152,果
主字库,153,無
主字库,154,視
主字库,155,期
主字库,156,化
主字库,157,振
主字库,158,機
主字库,159,現
主字库,160,在
主字库,161,画
主字库,162,面
主字库,163,調
主字库,164,楽
主字库,165,押
主字库,166,走
主字库,167,步
主字库,168,下
主字库,169,全
主字库,170,分
主字库,171,通
主字库,172,常
主字库,173,戦
主字库,174,闘
主字库,175,類
主字库,176,武
主字库,177,器
主字库,178,具
主字库,179,道
主字库,180,物
主字库,181,術
主字库,182,会
主字库,183,話
主字库,184,終
主字库,185,了
主字库,186,択
主字库,187,前
主字库,188,可
主字库,189,入
主字库,190,先
主字库,191,要
主字库,192,一
主字库,193,不
主字库,194,新
主字库,195,品
主字库,196,買
主字库,197,売
主字库,198,取
主字库,199,持
主字库,200,数
主字库,201,以
主字库,202,足
主字库,203,出
主字库,204,行
主字库,205,何
主字库,206,手
主字库,207,拾
主字库,208,宿
主字库,209,屋
主字库,210,単
主字库,211,体
主字库,212,属
主字库,213,性
主字库,214,聖
主字库,215,残
主字库,216,小
主字库,217,重
主字库,218,旅
主字库,219,度
主字库,220,生
主字库,221,率
主字库,222,人
主字库,223,高
主字库,224,長
主字库,225,店
主字库,226,子
主字库,227,国
主字库,228,突
主字库,229,注
主字库,230,意
主字库,231,敵
主字库,232,死
主字库,233,質
主字库,234,反
主字库,235,応
主字库,236,金
主字库,237,秘
主字库,238,倍
主字库,239,精
主字库,240,守
主字库,241,名
主字库,242,音
主字库,243,弱
主字库,244,時
主字库,245,開
主字库,246,対
主字库,247,威
主字库,248,伝
主字库,249,說
主字库,250,味
主字库,251,世
主字库,252,着
主字库,253,感
主字库,254,師
主字库,255,翼
主字库,256,族
主字库,257,軍
主字库,258,密
主字库,259,間
主字库,260,受
主字库,261,安
主字库,262,漠
主字库,263,然
主字库,264,衛
主字库,265,休
主字库,266,加
主字库,267,速
主字库,268,代
主字库,269,返
主字库,270,村
主字库,271,悪
主字库,272,放
主字库,273,同
主字库,274,利
主字库,275,我
主字库,276,減
主字库,277,作
主字库,278,壊
主字库,279,岩
主字库,280,樹
主字库,281,投
主字库,282,避
主字库,283,置
主字库,284,部
主字库,285,暴
主字库,286,船
主字库,287,明
主字库,288,匠
主字库,289,仲
主字库,290,痛
主字库,291,根
主字库,292,由
主字库,293,逃
主字库,294,文
主字库,295,字
主字库,296,色
主字库,297,制
主字库,298,恨
主字库,299,抜
主字库,300,正
主字库,301,書
主字库,302,黒
主字库,303,技
主字库,304,鬼
主字库,305,的
主字库,306,次
主字库,307,活
主字库,308,狩
主字库,309,二
主字库,310,様
主字库,311,港
主字库,312,南
主字库,313,島
主字库,314,西
主字库,315,陸
主字库,316,救
主字库,317,都
主字库,318,妖
主字库,319,星
主字库,320,千
主字库,321,保
主字库,322,険
主字库,323,町
主字库,324,基
主字库,325,山
主字库,326,里
主字库,327,央
主字库,328,半
主字库,329,北
主字库,330,諸
主字库,331,黄
主字库,332,平
主字库,333,野
主字库,334,未
主字库,335,来
主字库,336,与
主字库,337,達
主字库,338,城
主字库,339,刹
主字库,340,関
主字库,341,教
主字库,342,老
主字库,343,差
主字库,344,込
主字库,345,口
主字库,346,承
主字库,347,隊
主字库,348,晶
主字库,349,日
主字库,350,私
主字库,351,姉
主字库,352,兄
主字库,353,聞
小字库,1,！
小字库,2,""""
小字库,3,。
小字库,4,、
小字库,5,%
小字库,6,&
小字库,7,‘
小字库,8,（
小字库,9,）
小字库,10,×
小字库,11,+
小字库,12,，
小字库,13,－
小字库,14,.
小字库,15,/
小字库,16,0
小字库,17,1
小字库,18,2
小字库,19,3
小字库,20,4
小字库,21,5
小字库,22,6
小字库,23,7
小字库,24,8
小字库,25,9
小字库,26,：
小字库,27,；
小字库,28,「
小字库,29,=
小字库,30,」
小字库,31,？
小字库,32,·
小字库,33,A
小字库,34,B
小字库,35,C
小字库,36,D
小字库,37,E
小字库,38,F
小字库,39,G
小字库,40,H
小字库,41,I
小字库,42,J
小字库,43,K
小字库,44,L
小字库,45,M
小字库,46,N
小字库,47,O
小字库,48,P
小字库,49,Q
小字库,50,R
小字库,51,S
小字库,52,T
小字库,53,U
小字库,54,V
小字库,55,W
小字库,56,X
小字库,57,Y
小字库,58,Z
小字库,59,‥
小字库,60,\
小字库,61,ー
小字库,62,あ
小字库,63,い
小字库,64,う
小字库,65,え
小字库,66,お
小字库,67,か
小字库,68,き
小字库,69,く
小字库,70,け
小字库,71,こ
小字库,72,さ
小字库,73,し
小字库,74,す
小字库,75,せ
小字库,76,そ
小字库,77,た
小字库,78,ち
小字库,79,つ
小字库,80,て
小字库,81,と
小字库,82,な
小字库,83,に
小字库,84,ぬ
小字库,85,ね
小字库,86,の
小字库,87,は
小字库,88,ひ
小字库,89,ふ
小字库,90,へ
小字库,91,ほ
小字库,92,ま
小字库,93,み
小字库,94,む
小字库,95,め
小字库,96,も
小字库,97,や
小字库,98,ゆ
小字库,99,よ
小字库,100,ら
小字库,101,り
小字库,102,る
小字库,103,れ
小字库,104,ろ
小字库,105,わ
小字库,106,を
小字库,107,ん
小字库,108,ぁ
小字库,109,ぃ
小字库,110,ぅ
小字库,111,ぇ
小字库,112,ぉ
小字库,113,っ
小字库,114,ゃ
小字库,115,ゅ
小字库,116,ょ
小字库,117,が
小字库,118,ぎ
小字库,119,ぐ
小字库,120,げ
小字库,121,ご
小字库,122,ざ
小字库,123,じ
小字库,124,ず
小字库,125,ぜ
小字库,126,ぞ
小字库,127,だ
小字库,128,ぢ
小字库,129,づ
小字库,130,で
小字库,131,ど
小字库,132,ば
小字库,133,び
小字库,134,ぶ
小字库,135,べ
小字库,136,ぼ
小字库,137,ぱ
小字库,138,ぴ
小字库,139,ぷ
小字库,140,ぺ
小字库,141,ぽ
小字库,142,ア
小字库,143,イ
小字库,144,ウ
小字库,145,エ
小字库,146,オ
小字库,147,カ
小字库,148,キ
小字库,149,ク
小字库,150,ケ
小字库,151,コ
小字库,152,サ
小字库,153,シ
小字库,154,ス
小字库,155,セ
小字库,156,ソ
小字库,157,タ
小字库,158,チ
小字库,159,ツ
小字库,160,テ
小字库,161,ト
小字库,162,ナ
小字库,163,ニ
小字库,164,ヌ
小字库,165,ネ
小字库,166,ノ
小字库,167,ハ
小字库,168,ヒ
小字库,169,フ
小字库,170,ヘ
小字库,171,ホ
小字库,172,マ
小字库,173,ミ
小字库,174,ム
小字库,175,メ
小字库,176,モ
小字库,177,ヤ
小字库,178,ユ
小字库,179,ヨ
小字库,180,ラ
小字库,181,リ
小字库,182,ル
小字库,183,レ
小字库,184,ロ
小字库,185,ワ
小字库,186,ヲ
小字库,187,ン
小字库,188,ァ
小字库,189,ィ
小字库,190,ゥ
小字库,191,ェ
小字库,192,ォ
小字库,193,ッ
小字库,194,ャ
小字库,195,ュ
小字库,196,ョ
小字库,197,ガ
小字库,198,ギ
小字库,199,グ
小字库,200,ゲ
小字库,201,ゴ
小字库,202,ザ
小字库,203,ジ
小字库,204,ズ
小字库,205,ゼ
小字库,206,ゾ
小字库,207,ダ
小字库,208,ヂ
小字库,209,ヅ
小字库,210,デ
小字库,211,ド
小字库,212,バ
小字库,213,ビ
小字库,214,ブ
小字库,215,ベ
小字库,216,ボ
小字库,217,パ
小字库,218,ピ
小字库,219,プ
小字库,220,ペ
小字库,221,ポ
小字库,222,ヴ
小字库,223,〜
小字库,224,○
小字库,225,×
小字库,226,△
小字库,227,□
小字库,228,Z
小字库,229,Ⅳ
小字库,230,★
小字库,231,>
小字库,232,°
小字库,233,『
小字库,234,』
场景字,349,勢
场景字,350,働
场景字,351,闻
场景字,354,近
场景字,355,難
场景字,349,夜
场景字,350,困
场景字,351,言
场景字,352,暗
场景字,353,急
场景字,354,今
场景字,355,日
场景字,356,止
场景字,358,兄
场景字,359,渡
场景字,360,探
场景字,361,形
场景字,362,边
场景字,363,落
场景字,366,少
场景字,370,俺
场景字,371,配
场景字,372,食
场景字,374,外
场景字,375,好
场景字,378,呼
场景字,381,記
场景字,382,錄
场景字,383,归
场景字,350,張
场景字,351,危
场景字,352,鳴
场景字,353,俺
场景字,355,浮
场景字,356,袋
场景字,357,仕
场景字,358,私
场景字,359,岸
场景字,360,渡
场景字,361,言
场景字,362,污
场景字,363,閉
场景字,364,側
场景字,365,登
场景字,366,奴
场景字,367,闻
场景字,368,細
场景字,369,恐
场景字,370,親
场景字,371,橋
场景字,373,急
场景字,375,助
场景字,376,働
场景字,377,困
场景字,379,皆
场景字,349,閉
场景字,350,管
场景字,351,外
场景字,352,禁
场景字,353,止
场景字,355,协
场景字,356,近
场景字,357,直
场景字,359,操
场景字,360,讀
场景字,361,始
场景字,363,好
场景字,365,少
场景字,366,礼
场景字,367,渡
场景字,349,乘
场景字,350,他
场景字,349,修
场景字,350,今
场景字,352,橋
场景字,353,完
场景字,354,待
场景字,355,言
场景字,356,建
场景字,357,急
场景字,358,賴
场景字,355,危
场景字,356,笑
场景字,357,追
场景字,358,打
场景字,359,助
场景字,360,滿
场景字,349,助
场景字,351,荷
场景字,352,車
场景字,358,迷
场景字,350,迎
场景字,355,護
场景字,349,記
场景字,350,錄
场景字,351,今
场景字,352,助
场景字,353,言
场景字,354,續
场景字,355,建
场景字,356,東
场景字,357,探
场景字,358,姉
场景字,359,近
场景字,360,確
场景字,361,爭
场景字,362,傷
场景字,363,々
场景字,364,念
场景字,365,归
场景字,366,兄
场景字,367,配
场景字,368,將
场景字,369,奴
场景字,370,驗
场景字,371,內
场景字,372,臟
场景字,373,男
场景字,349,困
场景字,350,森
场景字,351,捕
场景字,352,探
场景字,354,止
场景字,355,追
场景字,349,日
场景字,350,急
场景字,351,落
场景字,352,勇
场景字,353,暗
场景字,354,探
场景字,356,今
场景字,357,姉
场景字,349,追
场景字,350,近
场景字,351,森
场景字,352,住
场景字,353,私
场景字,354,內
场景字,349,張
场景字,351,柱
场景字,352,待
场景字,353,築
场景字,357,疲
场景字,358,眠
场景字,359,覺
场景字,360,遠
场景字,363,言
场景字,350,闻
场景字,349,今
场景字,350,夜
场景字,352,边
场景字,353,忌
场景字,357,言
场景字,358,產
场景字,359,考
场景字,349,念
场景字,351,待
场景字,350,探
场景字,351,始
场景字,352,犬
场景字,354,覺
场景字,355,讀
场景字,356,操
场景字,349,東
场景字,350,岸
场景字,351,存
场景字,353,古
场景字,354,闻
场景字,355,今
场景字,356,他
场景字,357,俺
场景字,360,共
场景字,361,呼
场景字,362,森
场景字,364,待
场景字,365,更
场景字,366,求
场景字,367,君
场景字,368,覺
场景字,349,主
场景字,350,寢
场景字,351,求
场景字,353,墓
场景字,354,眼
场景字,349,橋
场景字,350,修
场景字,349,探
场景字,350,沼
场景字,351,君
场景字,352,替
场景字,350,念
场景字,350,操
场景字,351,替
场景字,352,乘
场景字,358,仕
场景字,359,違
场景字,349,止
场景字,350,横
场景字,351,近
场景字,353,讀
场景字,349,壁
场景字,349,川
场景字,349,闻
场景字,351,深
场景字,352,言
场景字,353,落
场景字,355,眼
场景字,356,声
场景字,357,食
场景字,362,今
场景字,363,遊
场景字,350,浮
场景字,351,乘
场景字,352,操
场景字,354,川
场景字,355,岸
场景字,356,完
场景字,356,遠
场景字,350,運
场景字,351,商
场景字,353,形
场景字,354,姿
场景字,355,闻
场景字,356,食
场景字,357,边
场景字,358,遠
场景字,359,追
场景字,360,苦
场景字,361,勞
场景字,363,日
场景字,364,河
场景字,365,浮
场景字,366,箱
场景字,367,讀
场景字,349,礼
场景字,350,言
场景字,352,兄
场景字,353,配
场景字,349,商
场景字,350,荷
场景字,351,運
场景字,352,側
场景字,353,考
场景字,354,君
场景字,355,乘
场景字,356,橋
场景字,357,闻
场景字,358,助
场景字,359,東
场景字,360,礼
场景字,362,賴
场景字,363,❤
场景字,364,外
场景字,349,召
场景字,350,喚
场景字,355,若
场景字,358,古
场景字,359,念
场景字,360,運
场景字,361,覺
场景字,362,始
场景字,363,賴
场景字,365,柱
场景字,367,姿
场景字,368,言
场景字,369,違
场景字,370,主
场景字,371,助
场景字,372,探
场景字,373,得
场景字,374,考
场景字,376,好
场景字,349,台
场景字,349,內
场景字,350,欲
场景字,351,供
场景字,352,棒
场景字,354,言
场景字,355,好
场景字,349,始
场景字,350,召
场景字,351,喚
场景字,349,奴
场景字,350,驗
场景字,351,建
场景字,351,助
场景字,352,遠
场景字,354,兄
场景字,349,怖
场景字,352,落
场景字,356,側
场景字,358,近
场景字,359,闻
场景字,360,日
场景字,362,言
场景字,363,追
场景字,364,食
场景字,365,助
场景字,366,男
场景字,367,修
场景字,368,負
场景字,369,配
场景字,370,归
场景字,373,乘
场景字,374,止
场景字,375,讀
场景字,376,兄
场景字,377,迷
场景字,379,边
场景字,380,沈
场景字,381,声
场景字,382,待
场景字,384,供
场景字,386,滿
场景字,389,續
场景字,391,內
场景字,351,盗
场景字,352,賊
场景字,357,操
场景字,358,讀
场景字,359,捕
场景字,360,追
场景字,361,近
场景字,375,欲
场景字,349,完
场景字,354,私
场景字,359,記
场景字,360,錄
场景字,349,送
场景字,350,許
场景字,352,々
场景字,353,民
场景字,355,条
场景字,356,約
场景字,358,供
场景字,360,兄
场景字,362,止
场景字,363,報
场景字,365,願
场景字,366,申
场景字,367,日
场景字,368,待
场景字,369,考
场景字,370,倒
场景字,371,呼
场景字,372,有
场景字,373,爭
场景字,374,始
场景字,375,負
场景字,376,內
场景字,377,禁
场景字,349,車
场景字,351,姿
场景字,353,怖
场景字,354,々
场景字,356,好
场景字,357,美
场景字,358,告
场景字,359,待
场景字,360,皆
场景字,361,配
场景字,362,私
场景字,363,归
场景字,364,顏
场景字,365,君
场景字,366,爭
场景字,368,許
场景字,369,捕
场景字,370,報
场景字,371,姉
场景字,373,娘
场景字,374,申
场景字,376,闻
场景字,378,東
场景字,379,森
场景字,380,今
场景字,381,係
场景字,382,難
场景字,383,塔
场景字,384,語
场景字,385,解
场景字,386,存
场景字,388,外
场景字,389,近
场景字,390,边
场景字,391,兵
场景字,392,急
场景字,393,違
场景字,394,治
场景字,395,助
场景字,396,遲
场景字,397,願
场景字,398,浮
场景字,399,食
场景字,400,民
场景字,401,便
场景字,402,忍
场景字,403,替
场景字,404,隱
场景字,350,祖
场景字,351,召
场景字,352,喚
场景字,350,封
场景字,351,印
场景字,352,解
场景字,353,賴
场景字,354,柱
场景字,355,他
场景字,356,倒
场景字,358,外
场景字,359,召
场景字,360,喚
场景字,349,將
场景字,350,兵
场景字,351,倒
场景字,352,捕
场景字,353,参
场景字,354,呼
场景字,355,礼
场景字,356,許
场景字,358,危
场景字,359,々
场景字,360,打
场景字,361,仕
场景字,362,眼
场景字,363,少
场景字,364,皆
场景字,365,私
场景字,366,傷
场景字,368,闻
场景字,369,續
场景字,370,今
场景字,350,浜
场景字,351,穴
场景字,352,記
场景字,350,私
场景字,353,狂
场景字,354,捕
场景字,356,始
场景字,357,荷
场景字,358,車
场景字,359,落
场景字,362,主
场景字,363,鳴
场景字,364,助
场景字,366,得
场景字,367,兵
场景字,368,賴
场景字,369,森
场景字,371,娘
场景字,372,父
场景字,373,母
场景字,374,欲
场景字,375,替
场景字,376,探
场景字,350,令
场景字,353,々
场景字,354,將
场景字,355,存
场景字,356,兵
场景字,349,封
场景字,350,印
场景字,351,悲
场景字,353,笑
场景字,354,殿
场景字,355,急
场景字,359,私
场景字,360,令
场景字,362,皆
场景字,363,危
场景字,368,違
场景字,369,々
场景字,349,遠
场景字,356,言
场景字,361,好
场景字,362,信
场景字,364,望
场景字,368,爭
场景字,371,追
场景字,351,盟
场景字,352,約
场景字,356,砲
场景字,357,止
场景字,358,考
场景字,359,恐
场景字,360,深
场景字,361,送
场景字,363,乘
场景字,365,案
场景字,366,記
场景字,367,錄
场景字,368,直
场景字,369,言
场景字,370,解
场景字,355,恐
场景字,359,爭
场景字,360,始
场景字,363,協
场景字,364,闻
场景字,370,考
场景字,350,参
场景字,351,余
场景字,352,兵
场景字,354,恐
场景字,355,役
场景字,356,封
场景字,357,賴
场景字,358,今
场景字,359,存
场景字,360,退
场景字,361,待
场景字,362,申
场景字,363,盟
场景字,364,約
场景字,365,違
场景字,366,古
场景字,367,言
场景字,368,傷
场景字,369,負
场景字,370,計
场景字,371,私
场景字,372,告
场景字,374,他
场景字,375,係
场景字,377,乘
场景字,350,係
场景字,351,参
场景字,352,沈
场景字,354,深
场景字,355,眠
场景字,358,許
场景字,360,得
场景字,349,客
场景字,350,盗
场景字,351,賊
场景字,353,君
场景字,359,今
场景字,360,夜
场景字,361,遲
场景字,362,疲
场景字,370,私
场景字,371,住
场景字,372,賴
场景字,374,母
场景字,375,親
场景字,376,供
场景字,378,姉
场景字,379,探
场景字,380,日
场景字,381,東
场景字,382,側
场景字,383,言
场景字,385,件
场景字,386,權
场景字,387,条
场景字,388,約
场景字,391,闻
场景字,392,遺
场景字,393,跡
场景字,350,穴
场景字,353,追
场景字,354,底
场景字,355,近
场景字,356,污
场景字,357,染
场景字,358,谷
场景字,359,森
场景字,360,橋
场景字,361,東
场景字,362,殿
场景字,363,沼
场景字,364,塔
场景字,365,雪
场景字,366,川
场景字,367,運
场景字,368,河
场景字,369,墓
场景字,370,壁
场景字,371,街
场景字,350,外
场景字,350,落
场景字,352,近
场景字,353,盗
场景字,354,賊
场景字,355,狙
场景字,356,恐
场景字,357,跡
场景字,358,形
场景字,359,兄
场景字,361,賴
场景字,362,姉
场景字,364,少
场景字,365,役
场景字,366,信
场景字,370,言
场景字,375,夜
场景字,376,眼
场景字,379,替
场景字,349,塔
场景字,361,私
场景字,364,兄
场景字,365,捕
场景字,366,助
场景字,372,他
场景字,373,日
场景字,378,闻
场景字,379,確
场景字,380,認
场景字,382,令
场景字,383,將
场景字,384,負
场景字,385,彼
场景字,386,賴
场景字,387,遊
场景字,351,姉
场景字,349,食
场景字,350,仕
场景字,351,配
场景字,352,建
场景字,354,働
场景字,355,賴
场景字,356,更
场景字,358,兵
场景字,359,芸
场景字,360,遊
场景字,361,助
场景字,362,內
场景字,363,闻
场景字,364,集
场景字,365,職
场景字,366,農
场景字,367,森
场景字,368,築
场景字,369,情
场景字,371,解
场景字,372,年
场景字,374,少
场景字,375,商
场景字,376,归
场景字,377,約
场景字,379,落
场景字,380,外
场景字,381,住
场景字,382,好
场景字,383,功
场景字,384,今
场景字,385,底
场景字,386,共
场景字,387,深
场景字,388,難
场景字,389,讀
场景字,390,告
场景字,392,盗
场景字,393,乘
场景字,349,捕
场景字,350,送
场景字,351,責
场景字,354,助
场景字,357,乱
场景字,358,起
场景字,361,信
场景字,349,操
场景字,350,讀
场景字,352,功
场景字,353,內
场景字,354,印
场景字,355,得
场景字,351,東
场景字,352,續
场景字,353,待
场景字,354,商
场景字,355,兄
场景字,349,共
场景字,354,追
场景字,357,今
场景字,359,申
场景字,361,食
场景字,362,寢
场景字,363,眠
场景字,364,覺
场景字,365,運
场景字,366,苦
场景字,367,勞
场景字,368,倒
场景字,369,存
场景字,350,共
场景字,351,底
场景字,352,呼
场景字,353,森
场景字,355,更
场景字,356,求
场景字,357,原
场景字,349,言
场景字,350,姿
场景字,351,々
场景字,352,存
场景字,353,近
场景字,355,召
场景字,356,喚
场景字,358,完
场景字,359,案
场景字,360,內
场景字,361,若
场景字,358,乘
场景字,354,寢
场景字,355,配
场景字,360,闻
场景字,361,集
场景字,362,落
场景字,363,住
场景字,364,腹
场景字,365,食
场景字,366,困
场景字,367,滿
场景字,368,東
场景字,369,病
场景字,370,美
场景字,371,遠
场景字,379,君
场景字,380,信
场景字,381,近
场景字,382,顏
场景字,349,住
场景字,350,爭
场景字,353,闻
场景字,354,少
场景字,355,東
场景字,357,閉
场景字,358,言
场景字,359,墓
场景字,360,呼
场景字,361,追
场景字,362,原
场景字,363,近
场景字,364,森
场景字,365,参
场景字,366,違
场景字,367,他
场景字,368,讀
场景字,369,止
场景字,370,外
场景字,374,親
场景字,367,浜
场景字,368,边
场景字,353,替
场景字,354,案
场景字,355,外
场景字,356,私
场景字,349,顏
场景字,350,恐
场景字,352,外
场景字,357,將
场景字,358,探
场景字,360,私
场景字,350,兄
场景字,351,迷
场景字,353,商
场景字,355,便
场景字,357,組
场景字,358,落
场景字,359,顏
场景字,360,酒
场景字,361,欲
场景字,362,闻
场景字,363,姉
场景字,364,渡
场景字,366,归
场景字,367,私
场景字,369,役
场景字,370,男
场景字,374,客
场景字,375,爭
场景字,376,信
场景字,377,怖
场景字,378,父
场景字,379,兵
场景字,380,情
场景字,381,報
场景字,382,君
场景字,383,好
场景字,384,額
场景字,385,功
场景字,386,近
场景字,387,讀
场景字,388,声
场景字,389,負
场景字,390,賴
场景字,391,外
场景字,392,街
场景字,393,操
场景字,394,計
场景字,395,東
场景字,396,边
场景字,397,始
场景字,398,荷
场景字,399,追
场景字,400,々
场景字,401,少
场景字,402,倒
场景字,403,覺
场景字,404,呼
场景字,405,他
场景字,349,彼
场景字,350,箱
场景字,351,橋
场景字,352,私
场景字,354,遊
场景字,355,許
场景字,356,禁
场景字,358,穴
场景字,359,声
场景字,362,役
场景字,363,集
场景字,365,治
场景字,366,修
场景字,367,独
场景字,368,探
场景字,369,覺
场景字,370,替
场景字,371,言
场景字,372,存
场景字,373,他
场景字,349,線
场景字,351,爭
场景字,352,修
场景字,353,住
场景字,355,沈
场景字,356,商
场景字,357,渡
场景字,358,運
场景字,359,組
场景字,360,芸
场景字,361,今
场景字,362,々
场景字,363,兵
场景字,364,危
场景字,365,待
场景字,366,捕
场景字,367,追
场景字,368,归
场景字,369,外
场景字,372,供
场景字,373,声
场景字,375,私
场景字,376,盗
场景字,377,賊
场景字,379,彼
场景字,380,賴
场景字,381,探
场景字,382,荷
场景字,383,男
场景字,384,東
场景字,385,街
场景字,386,奴
场景字,387,边
场景字,388,仕
场景字,391,役
场景字,392,親
场景字,393,念
场景字,350,職
场景字,351,弟
场景字,352,爭
场景字,355,归
场景字,356,苦
场景字,357,勞
场景字,358,日
场景字,359,遲
场景字,360,今
场景字,361,親
场景字,363,染
场景字,364,深
场景字,365,底
场景字,366,沈
场景字,367,俺
场景字,368,商
场景字,369,他
场景字,370,線
场景字,372,仕
场景字,373,案
场景字,374,內
场景字,375,奴
场景字,376,危
场景字,377,街
场景字,378,組
场景字,379,靈
场景字,380,好
场景字,382,礼
场景字,383,恐
场景字,384,考
场景字,385,役
场景字,386,住
场景字,387,少
场景字,388,遠
场景字,389,柱
场景字,390,砲
场景字,391,働
场景字,350,归
场景字,351,客
场景字,352,渡
场景字,353,探
场景字,355,住
场景字,356,申
场景字,357,遲
场景字,358,集
场景字,359,美
场景字,360,言
场景字,361,案
场景字,363,東
场景字,364,友
场景字,365,病
场景字,366,边
场景字,367,考
场景字,368,助
场景字,370,待
场景字,371,少
场景字,372,闻
场景字,373,願
场景字,374,彼
场景字,375,晚
场景字,376,日
场景字,377,急
场景字,349,污
场景字,352,盗
场景字,353,食
场景字,354,供
场景字,355,森
场景字,357,待
场景字,360,原
场景字,361,々
场景字,362,直
场景字,364,探
场景字,365,闻
场景字,367,血
场景字,369,遺
场景字,370,跡
场景字,371,殿
场景字,373,負
场景字,374,望
场景字,375,日
场景字,376,弟
场景字,377,修
场景字,378,情
场景字,379,声
场景字,380,娘
场景字,381,助
场景字,382,役
场景字,383,若
场景字,384,捕
场景字,385,年
场景字,386,忍
场景字,387,父
场景字,388,困
场景字,389,怖
场景字,390,追
场景字,391,疲
场景字,392,归
场景字,393,遠
场景字,394,難
场景字,395,遊
场景字,396,張
场景字,349,疲
场景字,351,働
场景字,352,仕
场景字,354,乘
场景字,355,案
场景字,356,內
场景字,359,古
场景字,363,直
场景字,364,登
场景字,366,急
场景字,349,爭
场景字,352,線
场景字,354,傷
场景字,355,私
场景字,356,捕
场景字,357,東
场景字,358,塔
场景字,359,呼
场景字,360,登
场景字,352,砲
场景字,354,爭
场景字,355,兵
场景字,356,彼
场景字,357,归
场景字,358,奴
场景字,361,運
场景字,362,泊
场景字,363,難
场景字,364,民
场景字,365,起
场景字,366,怖
场景字,367,々
场景字,368,係
场景字,369,令
场景字,370,將
场景字,371,闻
场景字,373,私
场景字,375,君
场景字,376,止
场景字,377,集
场景字,378,荷
场景字,350,待
场景字,353,兄
场景字,352,東
场景字,353,橋
场景字,354,張
场景字,358,商
场景字,361,美
场景字,362,渡
场景字,364,送
场景字,365,記
场景字,366,錄
场景字,367,少
场景字,368,殿
场景字,369,待
场景字,370,止
场景字,371,報
场景字,373,外
场景字,349,兄
场景字,350,助
场景字,351,夜
场景字,349,好
场景字,350,男
场景字,351,約
场景字,352,狙
场景字,353,外
场景字,354,忍
场景字,356,日
场景字,357,認
场景字,358,他
场景字,359,君
场景字,360,計
场景字,362,声
场景字,363,急
场景字,349,件
场景字,351,考
场景字,353,协
场景字,354,集
场景字,358,食
场景字,359,条
场景字,360,約
场景字,361,闻
场景字,362,助
场景字,363,工
场景字,364,今
场景字,366,問
场景字,367,好
场景字,368,夜
场景字,369,危
场景字,370,眠
场景字,371,近
场景字,372,兵
场景字,373,始
场景字,374,底
场景字,375,困
场景字,376,起
场景字,377,商
场景字,378,替
场景字,361,共
场景字,362,彼
场景字,352,顏
场景字,354,記
场景字,355,錄
场景字,358,遺
场景字,359,跡
场景字,368,墓
场景字,366,俺
场景字,368,仕
场景字,377,助
场景字,380,々
场景字,395,殿
场景字,396,召
场景字,397,喚
场景字,398,私
场景字,399,他
场景字,401,渡
场景字,403,乘
场景字,404,盗
场景字,408,古
场景字,412,少
场景字,414,急
场景字,418,墓
场景字,421,將
场景字,422,負
场景字,425,荷
场景字,427,築
场景字,349,男
场景字,351,主
场景字,352,酒
场景字,353,乘
场景字,355,弟
场景字,356,探
场景字,361,許
场景字,362,归
场景字,363,参
场景字,365,修
场景字,366,漢
场景字,367,働
场景字,369,倒
场景字,370,他
场景字,371,俺
场景字,372,苦
场景字,373,勞
场景字,374,晚
场景字,375,顏
场景字,376,怖
场景字,377,食
场景字,378,負
场景字,380,荷
场景字,381,替
场景字,382,古
场景字,383,客
场景字,350,東
场景字,351,側
场景字,352,形
场景字,353,塔
场景字,355,君
场景字,356,送
场景字,352,商
场景字,354,遺
场景字,355,跡
场景字,356,川
场景字,359,欲
场景字,360,直
场景字,361,眠
场景字,352,働
场景字,353,東
场景字,354,男
场景字,357,治
场景字,359,主
场景字,360,配
场景字,362,爭
场景字,366,完
场景字,367,望
场景字,369,顏
场景字,370,記
场景字,371,錄
场景字,372,好
场景字,374,落
场景字,375,起
场景字,376,鳴
场景字,378,兵
场景字,379,私
场景字,380,倒
场景字,381,協
场景字,382,捕
场景字,383,皆
场景字,384,追
场景字,385,考
场景字,388,役
场景字,389,壁
场景字,390,住
场景字,391,砲
场景字,392,边
场景字,352,有
场景字,355,々
场景字,356,兄
场景字,360,森
场景字,361,急
场景字,363,泊
场景字,364,記
场景字,365,錄
场景字,366,張
场景字,367,倒
场景字,368,乘
场景字,353,賊
场景字,355,欲
场景字,356,呼
场景字,357,商
场景字,359,橋
场景字,360,仕
场景字,361,組
场景字,362,管
场景字,364,荷
场景字,367,職
场景字,368,便
场景字,369,乘
场景字,370,賴
场景字,371,側
场景字,373,信
场景字,374,操
场景字,376,確
场景字,377,君
场景字,378,近
场景字,379,怖
场景字,380,他
场景字,382,客
场景字,383,食
场景字,384,古
场景字,385,言
场景字,386,外
场景字,387,彼
场景字,350,閉
场景字,354,難
场景字,355,民
场景字,358,側
场景字,359,姉
场景字,362,学
场景字,363,爭
场景字,367,归
场景字,372,申
场景字,349,酒
场景字,352,底
场景字,354,荷
场景字,355,探
场景字,356,爭
场景字,358,始
场景字,361,得
场景字,362,商
场景字,363,食
场景字,365,狙
场景字,367,谷
场景字,368,呼
场景字,369,兵
场景字,370,欲
场景字,371,待
场景字,372,姉
场景字,374,捕
场景字,375,外
场景字,376,追
场景字,377,滿
场景字,378,腹
场景字,379,醉
场景字,380,讀
场景字,381,操
场景字,382,情
场景字,383,報
场景字,384,男
场景字,385,若
场景字,386,直
场景字,390,怖
场景字,391,客
场景字,392,君
场景字,393,砲
场景字,394,归
场景字,395,顏
场景字,354,食
场景字,357,姿
场景字,358,念
场景字,359,外
场景字,360,車
场景字,361,止
场景字,362,運
场景字,363,供
场景字,364,欲
场景字,365,他
场景字,366,商
场景字,353,好
场景字,354,危
场景字,355,遊
场景字,357,森
场景字,358,爭
场景字,359,日
场景字,361,少
场景字,352,食
场景字,354,親
场景字,357,靈
场景字,360,案
场景字,361,內
场景字,362,願
场景字,365,怖
场景字,366,仕
场景字,367,恐
场景字,368,奴
场景字,369,組
场景字,370,迷
场景字,371,記
场景字,372,錄
场景字,373,近
场景字,374,遲
场景字,375,始
场景字,376,声
场景字,379,闻
场景字,350,確
场景字,351,声
场景字,352,張
场景字,353,犬
场景字,354,修
场景字,349,側
场景字,350,商
场景字,351,集
场景字,352,供
场景字,357,父
场景字,358,母
场景字,362,捕
场景字,366,探
场景字,367,遊
场景字,368,追
场景字,369,闻
场景字,370,橋
场景字,373,助
场景字,374,願
场景字,375,配
场景字,376,姉
场景字,377,危
场景字,378,張
场景字,379,住
场景字,380,乘
场景字,381,賴
场景字,382,欲
场景字,383,協
场景字,384,働
场景字,385,盗
场景字,386,違
场景字,387,仕
场景字,388,疲
场景字,389,今
场景字,390,賊
场景字,391,箱
场景字,392,泊
场景字,393,確
场景字,394,認
场景字,395,兄
场景字,396,替
场景字,397,負
场景字,398,俺
场景字,399,直
场景字,400,客
场景字,406,他
场景字,408,礼
场景字,409,隱
场景字,352,眼
场景字,356,待
场景字,350,捕
场景字,351,探
场景字,354,協
场景字,355,有
场景字,356,弟
场景字,357,爭
场景字,359,皆
场景字,360,血
场景字,362,案
场景字,364,母
场景字,365,住
场景字,366,考
场景字,369,今
场景字,374,東
场景字,375,遠
场景字,377,共
场景字,378,助
场景字,379,解
场景字,380,归
场景字,381,顏
场景字,382,男
场景字,383,追
场景字,385,条
场景字,386,約
场景字,387,許
场景字,388,內
场景字,389,遺
场景字,390,跡
场景字,397,日
场景字,398,役
场景字,399,情
场景字,400,闻
场景字,401,倒
场景字,350,砲
场景字,351,標
场景字,352,森
场景字,350,記
场景字,351,錄
场景字,352,情
场景字,353,報
场景字,350,將
场景字,352,古
场景字,354,考
场景字,358,归
场景字,361,俺
场景字,362,續
场景字,365,問
场景字,366,闻
场景字,377,止
场景字,382,々
场景字,383,退
场景字,353,今
场景字,354,仕
场景字,357,乘
场景字,360,待
场景字,361,便
场景字,362,急
场景字,364,操
场景字,366,讀
场景字,351,泊
场景字,353,錄
场景字,356,腹
场景字,357,日
场景字,359,更
场景字,362,難
场景字,366,約
场景字,368,滿
场景字,369,解
场景字,370,念
场景字,371,續
场景字,372,礼
场景字,373,闻
场景字,374,声
场景字,375,芸
场景字,377,引
场景字,378,苦
场景字,379,商
场景字,380,漢
场景字,381,遺
场景字,382,志
场景字,383,落
场景字,384,原
场景字,385,勇
场景字,386,亡
场景字,387,血
场景字,388,予
场景字,389,考
场景字,390,他
场景字,391,得
场景字,392,計
场景字,393,番
场景字,394,少
场景字,395,確
场景字,396,運
场景字,398,始
场景字,349,底
场景字,350,晚
场景字,351,暗
场景字,352,恐
场景字,356,怖
场景字,358,闻
场景字,361,報
场景字,367,記
场景字,368,錄
场景字,352,役
场景字,354,夜
场景字,355,待
场景字,356,記
场景字,357,錄
场景字,351,呼
场景字,353,起
场景字,354,許
场景字,355,仕
场景字,356,運
场景字,357,覺
场景字,358,疲
场景字,360,閉
场景字,361,眼
场景字,362,顏
场景字,349,遊
