id	file	seg	src	tgt
011822	WORLD/AREAM027.EMI	12	「おや、港町シュークへ\nようこそ‥\n---\nここは、世界でもめずらしい\n泥じゃない海に\n面した町ですよ。	「哟，欢迎来到\n港镇休克‥\n---\n这里是世上少有的\n面朝非泥之海的\n城镇哟。
011823	WORLD/AREAM027.EMI	12	「オレのとーちゃんは\n海の男なんだぞ‥\n---\nここで、とーちゃんの\n船を待ってるんだ。	「我爸可是\n大海男儿哟‥\n---\n我在这儿\n等爸爸的船回来。
011824	WORLD/AREAM027.EMI	12	「ん‥\nその船が、誰のかって？\n---\n持ち主は、酒場にでも\nいるだろうよ。	「嗯‥\n问那船是谁的？\n---\n船主大概\n在酒馆里吧。
011825	WORLD/AREAM027.EMI	12	「関所が、しまってて‥\nシュークに入るのが\nムズかしいって話だけど‥\n---\n出るのはだいじょうぶかな‥	「听说关所关闭了‥\n很难进到\n休克来‥\n---\n出去倒没问题吧‥
011826	WORLD/AREAM027.EMI	12	「泥の海は、つり\nできないだろ‥\n---\nここは、できるんだぜ！	「泥之海没法\n钓鱼吧‥\n---\n这儿可是能钓的！
011827	WORLD/AREAM027.EMI	12	「この海‥\nずっと西の方にまで\nつづいてるんだって‥	「这片海‥\n听说一直延伸到\n遥远的西边呢‥
011828	WORLD/AREAM027.EMI	12	{立绘0101}	{立绘0101}
011829	WORLD/AREAM027.EMI	12	「この町の男どもは‥\n---\nほとんど船に乘って\n出はらってるんだ‥	「这镇上的男人‥\n---\n几乎都上船\n出海去了‥
011830	WORLD/AREAM027.EMI	12	「ねー、よその国には\n砂の上を走る船が\nあるって本当？\n---\nこの町にあるのは\n海の上を走る船だよ。	「呐，别的国家有\n在沙子上跑的船\n是真的吗？\n---\n这镇上有的\n是在海上跑的船哟。
011831	WORLD/AREAM027.EMI	12	{立绘0202}「あーん！？\n---\nおれっちの船に乘りたい？	{立绘0202}「啊——嗯！？\n---\n想坐我的船？
011834	WORLD/AREAM027.EMI	12	「んん‥\n船を探してるのか‥\n---\nだったら、あそこの\n男たちに話してみなされ‥	「嗯嗯‥\n在找船呀‥\n---\n那去跟那边的\n男人们谈谈吧‥
011835	WORLD/AREAM027.EMI	12	「はいはい、いらっしゃい。\n---\n	「来了来了，欢迎。\n---\n
011836	WORLD/AREAM027.EMI	12	「おや‥、お金が\n足りないみたいだよ。	「哎呀‥，钱\n好像不够哟。
011837	WORLD/AREAM027.EMI	12	「はるばる海を渡ってきた\nめずらしい物が、あるよ‥！買物をしよう\n何か売ろう\n武器を下取りしてもらおう\n今は、やめておく	「有远渡重洋而来的\n稀罕玩意哟‥！买点什么吧\n卖点什么吧\n武器折价换购\n现在，还是算了
011838	WORLD/AREAM027.EMI	12	{立绘0202}「おいおい\nどこの誰とも分からない\n連中を乘せるほど‥\n---\n安い船じゃ、ねぇぜ‥？	{立绘0202}「喂喂\n我的船可没便宜到\n搭载来历不明的人‥\n---\n不是吗‥？
011839	WORLD/AREAM027.EMI	12	{立绘0202}「それに‥、だ‥\n---\n\n---\n水神さまのお許しも\nないヤツが‥\n---\n海に出ちゃ、いけねぇ‥\nさ、归った归った！	{立绘0202}「再说‥，啊‥\n---\n\n---\n没得到水神大人\n许可的家伙‥\n---\n是不许出海的‥\n走，回去吧回去吧！
011840	WORLD/AREAM027.EMI	12	{立绘0202}「おれたち、船乘りは\nみんな‥\n---\n\n---\n水神さまのお許しを\nもらって海に出てるんだ‥\n---\n許しがないやつを\n船に乘せるワケにゃ\nいかないね。	{立绘0202}「我们船夫\n个个‥\n---\n\n---\n都是得到水神大人\n许可才出海的‥\n---\n没许可的家伙\n可不能\n载上船呢。
011841	WORLD/AREAM027.EMI	12	「ん、水神さま‥？\n---\nそっちの道が\n\n---\n水神のほこらに\n通じてるけどね。	「嗯，水神大人‥？\n---\n那边那条路\n\n---\n是通到\n水神祠堂的。
011842	WORLD/AREAM027.EMI	12	{立绘0202}「んん‥！？\n---\n水神さまの、ほこらに\n参って来たって？	{立绘0202}「嗯嗯‥！？\n---\n你说是去参拜过\n水神大人的祠堂？
011843	WORLD/AREAM027.EMI	12	{立绘0202}「おおっ、こりゃ\n{道具1205}じゃねぇか！\n---\nこれを持ってるって事は‥\n水神さまが、お出ましに\nなったって事か！？	{立绘0202}「哦哦，这不是\n{道具1205}吗！\n---\n带着这个，就是说‥\n水神大人\n现身了吗！？
011844	WORLD/AREAM027.EMI	12	{立绘0202}「ふーん‥、こりゃ\n水神さまのおみちびきって\nヤツかな‥‥	{立绘0202}「哦～，看来这就是\n水神大人的\n指引吧‥‥
011845	WORLD/AREAM027.EMI	12	{立绘0202}「よし、いいだろう‥\n船に乘せてやるぜ‥！	{立绘0202}「好，行呀‥\n就让你们上船‥！
011846	WORLD/AREAM027.EMI	12	{立绘0202}「お、おい‥ちょっと待て。\n---\nひょっとして、この\nおねえちゃん達も\n船に乘る気か？	{立绘0202}「喂，喂‥等等。\n---\n该不会，这几位\n小姐姐也\n想上船吧？
011847	WORLD/AREAM027.EMI	12	{框06}{立绘8344}「そのつもりだが‥\n何か、マズいのか‥？	{框06}{立绘8344}「是有这个打算‥\n有什么问题吗‥？
011848	WORLD/AREAM027.EMI	12	{立绘0202}「ああ‥\n---\n女は、船に‥\n乘っけちゃいけないんだ！	{立绘0202}「哎呀‥\n---\n女人是不许\n上船的！
011849	WORLD/AREAM027.EMI	12	{立绘0202}「ムカシっから‥\nそういう決まりに\nなってるんだよ‥！	{立绘0202}「打很早以前‥\n就有这样的\n规矩了‥！
011850	WORLD/AREAM027.EMI	12	{立绘0202}「まあ、そういうワケで‥\n---\nあんた達は、ここで\n待ってもらうしか‥	{立绘0202}「嘛，就是这么回事‥\n---\n你们只好\n在这儿等着了‥
011851	WORLD/AREAM027.EMI	12	{立绘C140}「あの、あの‥\n何とかなりませんか？\n---\n{立绘8445}少しぐらい、大変でも‥\nわたし、平気です。	{立绘C140}「那个，那个‥\n能不能想想办法呢？\n---\n{立绘8445}就算苦一点‥\n我，也不在乎。
011852	WORLD/AREAM027.EMI	12	{立绘0202}「だめ、だめ‥\n---\n大体、海ってのは\n男のモンなんだ‥！\n---\n船乘りは、根性がいるし‥\nうでっぷしだって‥	{立绘0202}「不行，不行‥\n---\n再说，大海就是\n男人的东西‥！\n---\n当船夫得有骨气‥\n还得有好身手‥
011853	WORLD/AREAM027.EMI	12	{框03}{立绘0506}「そのとおりっ	{框03}{立绘0506}「说得对
011854	WORLD/AREAM027.EMI	12	{框05}{立绘0506}「ふっ、はあ〜〜っ！\nまた、会ったな‥‥\n---\n二度までも、お前たちに\nやぶれた後‥\n---\nふたたび旅に出て‥\nここで、『海の男』の修行を\nしていたのだっ！	{框05}{立绘0506}「呼，哈啊——！\n又见面了‥‥\n---\n两度败给你们\n之后‥\n---\n我便再度踏上旅途‥\n在此修行\n『大海男儿』之道！
011855	WORLD/AREAM027.EMI	12	{框05}{立绘0506}「いいか‥\n船乘りは、男の中の男！\n---\n真の\n---\n漢にしか\nつとまらぬものなり！\n---\n今から、お前たちを\nコテンパンにして‥\n---\nそれを身をもって\n教えてくれるわ！	{框05}{立绘0506}「都听着‥\n船夫乃男人中的男人！\n---\n唯有真正的\n---\n汉子\n方能胜任！\n---\n现在就把你们\n打得落花流水‥\n---\n以身作则\n好好教教你们！
011856	WORLD/AREAM027.EMI	12	{立绘0202}「あんた達‥\nカーンの知り合い‥？\n---\nちょっと前に、ここへ来て‥\n船で働かして\nやってるんだけど‥	{立绘0202}「你们‥\n认识卡恩‥？\n---\n他不久前来这儿‥\n我让他在船上\n干活呢‥
011857	WORLD/AREAM027.EMI	12	{框06}{立绘C440}「‥おい。	{框06}{立绘C440}「‥喂。
011858	WORLD/AREAM027.EMI	12	{框06}{立绘C440}「さっき、うでっぷしが\nどうとか言ってたが‥\n---\nあいつを倒せば\nいいって事か？	{框06}{立绘C440}「刚才你说\n身手如何的‥\n---\n把那家伙打倒\n就行了吧？
011859	WORLD/AREAM027.EMI	12	{立绘0202}「え‥、うう‥、あ？	{立绘0202}「诶‥，呃‥，啊？
011860	WORLD/AREAM027.EMI	12	{框03}{立绘0606}「べふっ	{框03}{立绘0606}「噗嘎
011861	WORLD/AREAM027.EMI	12	{框06}{立绘C440}「‥‥‥どうだ？	{框06}{立绘C440}「‥‥‥如何？
011862	WORLD/AREAM027.EMI	12	{立绘0202}「ど、どうもこうも‥\n---\n大体‥、おれが言ってる\nうでっぷしってのは‥\n---\nたとえば、あの‥\nマストのてっぺんで\n決闘するとか‥	{立绘0202}「怎，怎么个如何‥\n---\n再说了‥，我说的\n身手呀‥\n---\n比如说，那个‥\n爬到桅杆顶上\n决斗什么的‥
011863	WORLD/AREAM027.EMI	12	{立绘C140}「あ、はい‥\n---\nじゃ、わたし‥\nそれ、やります。	{立绘C140}「啊，好的‥\n---\n那，我‥\n来试试那个。
011864	WORLD/AREAM027.EMI	12	{立绘0202}「あー‥‥\n---\nあんた達が、強いってのは\nまぁ、分かったよ‥	{立绘0202}「啊——‥‥\n---\n你们很强这一点\n嘛，我算是明白了‥
011865	WORLD/AREAM027.EMI	12	{立绘0202}「でも、やっぱり‥\n---\n海のキビシさは\nこんなものじゃ‥	{立绘0202}「不过，毕竟‥\n---\n大海的严酷\n可不止这样‥
011866	WORLD/AREAM027.EMI	12	{立绘8745}「そんな‥‥\n---\nだったら、他に何でも\nためして下さい‥\n---\nわたし達、平気ですから！	{立绘8745}「怎么会‥‥\n---\n那就随便出什么\n考验我们吧‥\n---\n我们，都不怕的！
011867	WORLD/AREAM027.EMI	12	{立绘0202}「うーん‥‥\n---\nそうまで言うんなら\nもう少し‥\n---\nキビシさを教えて\nやってもいいけど‥	{立绘0202}「嗯——‥‥\n---\n既然都说到这份上\n就再让你们‥\n---\n尝尝更严酷的\n味道也行‥
011868	WORLD/AREAM027.EMI	12	{立绘0202}「ただし！\n今度は、ハンパじゃないから‥\n---\nどうしてもって言うのなら\n心のじゅんびをしてから\n来るんだ‥	{立绘0202}「不过！\n这回可不是闹着玩的‥\n---\n真想上的话\n就做好心理准备\n再来吧‥
011869	WORLD/AREAM027.EMI	12	{立绘0202}「じゃ、じゅんびができたら\n俺に話しかけてくれ‥\n---\nま、やめといた方が\nいいと思うけどな‥	{立绘0202}「准备好了\n就来叫我一声‥\n---\n嘛，我还是觉得\n别逞强为好‥
011870	WORLD/AREAM027.EMI	12	{立绘0202}「何だ‥、本当に\nやる気なのか‥？	{立绘0202}「怎么‥，真要\n上吗‥？
011871	WORLD/AREAM027.EMI	12	{立绘0202}「ま、やめておいた方が\n身のためだぜ‥	{立绘0202}「嘛，还是算了吧\n这才是为你们好‥
011873	WORLD/AREAM027.EMI	12	「わたしは‥\n---\n苦勞してまで、船に\n乘ろうなんて\n思いませんけどね。	「我嘛‥\n---\n可不觉得\n值得吃那么多苦\n去上船呢。
011874	WORLD/AREAM027.EMI	12	「オレは、大きくなったら\n海の男になるんだぞ！	「我长大了\n也要当大海男儿！
011875	WORLD/AREAM027.EMI	12	「んー、女が船に\n乘れない理由？\n---\nさて、どうしてかね‥\nしきたりってやつだね。	「嗯～，女人不许上船\n的理由？\n---\n这个嘛，为什么呢‥\n就是老规矩啦。
011876	WORLD/AREAM027.EMI	12	「船乘りになるために\nウデだめし‥\n---\nよくやるよ‥	「为了当船夫\n来比试身手‥\n---\n真敢做呀‥
011877	WORLD/AREAM027.EMI	12	「どうだい‥\n船には乘せてもらえる事に\nなったかね？	「怎么样‥\n说好让你们\n上船了吗？
011878	WORLD/AREAM027.EMI	12	{立绘0202}「そうか‥‥\n---\nやっぱり、あきらめる気は\nないんだな‥	{立绘0202}「这样啊‥‥\n---\n果然还是\n不肯放弃呀‥
011879	WORLD/AREAM027.EMI	12	{立绘0202}「よし、じゃあ‥\n---\nおねえちゃん達には\nこっちに来てもらおう‥	{立绘0202}「好，那么‥\n---\n就叫小姐姐们\n到这边来吧‥
011880	WORLD/AREAM027.EMI	12	{立绘C240}「さて‥‥\n---\n{队员01}たちは\nだいじょうぶだろうかな？	{立绘C240}「接下来‥‥\n---\n{队员01}他们\n不要紧吧？
011881	WORLD/AREAM027.EMI	12	{立绘C240}「‥見に行こう。	{立绘C240}「‥去看看吧。
011882	WORLD/AREAM027.EMI	12	「そこにとまってる船‥\nひと晚中、さわがしかったけど\n何やってたんだろ？	「停在那边的船‥\n吵吵了一整晚\n到底在干什么呢？
011883	WORLD/AREAM027.EMI	12	「この海、ずーと\nひろがってるんだけど‥\n---\nやっぱりはじっこは\n泥の海になってるんだって。	「这片海一直\n延伸下去‥\n---\n但据说尽头果然还是\n变成了泥之海。
011884	WORLD/AREAM027.EMI	12	「ここでのんでた\n3人は‥\n---\nジグ、クランク、ツネキチって\n船乘りの兄弟だよ。	「在这喝着酒\n的三个人‥\n---\n是吉格、库兰克、常吉\n这船夫三兄弟哟。
011885	WORLD/AREAM027.EMI	12	{立绘0202}「あの、ねぇちゃん達\n大したモンだぜ‥\n---\nとうとう、一晚\nガマンしやがった‥！	{立绘0202}「那几位小姐姐\n真是了不起‥\n---\n居然真的\n忍了一整晚‥！
011887	WORLD/AREAM027.EMI	12	{框06}{立绘C240}「隊長さん‥\n顏色が、悪いじゃないか‥\n---\n怖かったのか？	{框06}{立绘C240}「队长‥\n脸色不太好呀‥\n---\n害怕了吗？
011888	WORLD/AREAM027.EMI	12	{立绘8807}「な、何ともない！	{立绘8807}「没、没事！
011889	WORLD/AREAM027.EMI	12	{框06}{立绘8242}「まったく‥‥\n---\nウデっぷしと言い\nどきょうと言い\n大したモンだよ‥	{框06}{立绘8242}「真是的‥‥\n---\n论身手\n论胆量\n都非同小可呀‥
011891	WORLD/AREAM027.EMI	12	{框06}{立绘8242}「いや‥‥\n最後に、もう一つだけ‥	{框06}{立绘8242}「不‥‥\n最后，还有一件事‥
011892	WORLD/AREAM027.EMI	12	{框06}{立绘8242}「船乘りが\n何かヘマをすると‥\n---\nこれで、けつを\nたたくのが決まりだ‥	{框06}{立绘8242}「船夫要是\n搞砸了什么‥\n---\n就要用这个\n打屁股，这是规矩‥
011893	WORLD/AREAM027.EMI	12	{框06}{立绘8242}「つまり‥、いつでも\n\n---\nけつパンを食らう\nカクゴがなければ‥\n---\n船に、乘ることはできない。\nそうだな‥？	{框06}{立绘8242}「也就是说‥，不管何时\n\n---\n没有挨\n屁股板子的觉悟‥\n---\n就不能上船。\n对吧‥？
011894	WORLD/AREAM027.EMI	12	{框06}{立绘8242}「と、いうワケで\n最後に、あんた達の\nカクゴを見たい‥\n---\n\n---\nけつを出して\nもらおうか、ねえちゃん‥？	{框06}{立绘8242}「所以呢\n最后，我想见识\n你们的觉悟‥\n---\n\n---\n把屁股\n亮出来吧，小姐姐‥？
011895	WORLD/AREAM027.EMI	12	{立绘0A05}「け、け‥‥‥\n---\nおっ‥おしり‥\n出さないと、ダメですか！？	{立绘0A05}「屁，屁‥‥‥\n---\n露‥露屁股‥\n不做就不行吗！？
011896	WORLD/AREAM027.EMI	12	{框06}{立绘8043}「そ、そうだ！\n男は、生けつだ！	{框06}{立绘8043}「就、就是！\n男人才是祭品！
011897	WORLD/AREAM027.EMI	12	{框06}{立绘8242}「‥‥な、できねぇだろ？\n---\nあきらめて、るすばん‥	{框06}{立绘8242}「‥‥看，做不到吧？\n---\n死心吧，看家去‥
011898	WORLD/AREAM027.EMI	12	{框05}	{框05}
011899	WORLD/AREAM027.EMI	12	{框06}{立绘8242}「わ、分かった！\n---\nあんた達の、カクゴは\n分かったから‥\nふくを着てくれ！！	{框06}{立绘8242}「明，明白了！\n---\n你们的觉悟\n我见识到了‥\n快把衣服穿上！！
011900	WORLD/AREAM027.EMI	12	{立绘0202}「いやー‥、負けたよ\nあんた達には‥\n---\nああ言えば、あきらめて\nくれると思ったんだが‥	{立绘0202}「哎呀——，输了\n彻底输了‥\n---\n本以为这么一说\n你们就会死心的‥
011901	WORLD/AREAM027.EMI	12	{框06}{立绘C140}「じゃ、今度こそ‥	{框06}{立绘C140}「那，这次真的‥
011902	WORLD/AREAM027.EMI	12	{立绘0202}「ああ‥\nそこまでカクゴが\n決まってれば‥\n---\nもう、しきたりが\nどうとか‥\n言ってる場合じゃ、ねぇな。	{立绘0202}「唉‥\n觉悟都下到\n这份上了‥\n---\n老规矩什么的\n也就没资格\n再说了。
011903	WORLD/AREAM027.EMI	12	{立绘0202}「船を出してやるよ‥\n---\n用意ができたら\nおれに、声をかけて\nくれよな？	{立绘0202}「船就借给你们‥\n---\n准备好了\n就喊我一声\n行吗？
011904	WORLD/AREAM027.EMI	12	{立绘0202}「ん‥、用意は\nいいのか？はい\nまだ	{立绘0202}「嗯‥，准备\n好了吗？好了\n还没
011905	WORLD/AREAM027.EMI	12	{立绘0202}「そうかい‥、じゃ\n出発の用意が整ったら\n言ってくれ。	{立绘0202}「这样啊‥，那\n准备好了\n再告诉我。
011908	WORLD/AREAM027.EMI	12	{立绘0202}「そうか‥、よし。\nじゃあ、出発しよう！	{立绘0202}「这样啊‥，好。\n那就出发吧！
011909	WORLD/AREAM027.EMI	12	{立绘0202}「ツネキチ、クランク！\n船を出すぜ！！	{立绘0202}「常吉、库兰克！\n开船喽！！
011910	WORLD/AREAM027.EMI	12	{立绘0202}「ほらみたことか\nおじょうちゃん‥\n---\nこれ以上やったって\nムダだよ、あきらめな！	{立绘0202}「看见了吧\n小姑娘‥\n---\n再折腾也是\n白费，快放弃吧！
011911	WORLD/AREAM027.EMI	12	{立绘0202}「どうだい、あの\nおじょうちゃんも\nもうこりただろ‥？	{立绘0202}「怎么样，那位\n小姑娘也该\n长记性了吧‥？
011912	WORLD/AREAM027.EMI	12	{立绘0202}「なんだって‥また\n決闘するってのかい？はい\nいいえ	{立绘0202}「什么‥还要\n再决斗吗？要\n不要
011913	WORLD/AREAM027.EMI	12	{立绘0202}「そうだよな\nやめといた方がいい‥	{立绘0202}「就是嘛\n还是算了吧‥
011914	WORLD/AREAM027.EMI	12	{立绘0202}「しょうがねえなあ‥\nツネキチ、じゅんびしな！	{立绘0202}「真拿你们没办法‥\n常吉，做好准备！
011917	WORLD/AREAM027.EMI	12	{立绘0202}「どうした‥\n船を使いたいのか？はい\nいいえ	{立绘0202}「怎么了‥\n要用船吗？要\n不要
011918	WORLD/AREAM027.EMI	12	「荷物を整理してたら\nお宝が出てきたんだ‥\n---\nよかったら、キミの\n	「整理货物时\n翻出了件宝物‥\n---\n愿意的话，你的\n
011919	WORLD/AREAM027.EMI	12	\n{占位01}と取り替えた！\n---\n	\n换成了{占位01}！\n---\n
011920	WORLD/AREAM027.EMI	12	「古い物だけど\nいい品だろう‥？	「虽然是老物件\n但算是好货吧‥？
011921	WORLD/AREAM027.EMI	12	「いくらかたづけても\nガラクタばかり‥\n---\nなにか、お宝でも\n出てこないかな？	「收拾了半天\n全是破烂‥\n---\n能不能翻出\n什么宝物呢？
011922	WORLD/AREAM027.EMI	12	「お客さん、お買い物なら\nカウンターでどうぞ。	「客人，要买东西\n请到柜台这边。
011923	WORLD/AREAM027.EMI	12	まずは、二人の様子を\n見に行こう‥	先去看看\n两人的情况吧‥
011945	WORLD/AREAM027.EMI	12	30	30
011946	WORLD/AREAM027.EMI	12	40	40
011947	WORLD/AREAM027.EMI	12	50	50
011948	WORLD/AREAM027.EMI	12	70	70
011949	WORLD/AREAM027.EMI	12	メガホン	喇叭
011950	WORLD/AREAM027.EMI	12	くうき撃ち	空气击
011951	WORLD/AREAM027.EMI	12	せんぎり	千斩
011952	WORLD/AREAM027.EMI	12	滅殺	灭杀
011953	WORLD/AREAM028.EMI	11	「大帝橋の西」	「大帝桥西」
011954	WORLD/AREAM028.EMI	11	「ここは、大帝橋だよ‥\n---\n大帝橋は、東側にも\n同じような形の塔があるよ。	「这里是大帝桥哟‥\n---\n大帝桥在东侧\n也有一座同样形状的塔。
011955	WORLD/AREAM028.EMI	11	「敵地、東大陸で\nハシビトをしておる\nカレを待っておるのじゃ！	「老夫在等着他——\n那个在敌地东大陆\n当桥守的人！
011957	WORLD/AREAM028.EMI	11	「君たち、東から来た？\n---\nラッソ様が戻るはず\nなんだけど‥\n---\n見なかった？	「你们，是从东边来的？\n---\n拉索大人本该\n回来的‥\n---\n见到他了吗？
011958	WORLD/AREAM028.EMI	11	「転送装置は今は使えないよ。	「传送装置现在用不了哟。
011959	WORLD/AREAM028.EMI	11	「転送装置は‥\n---\n‥使えないのに、どうやって\n戻ってきたんですか？	「传送装置‥\n---\n‥用不了的话，您是\n怎么回来的？
011960	WORLD/AREAM028.EMI	11	「いつ転送装置が\n動き出して\n---\nラッソ様が戻られるか\nわからないし‥\n---\nここをはなれるわけに\nいかないんだ。	「传送装置什么时候\n会启动‥\n---\n拉索大人什么时候\n回来都不知道‥\n---\n所以不能\n离开此地。
011961	WORLD/AREAM028.EMI	11	「{队员04}隊長\nお戻りでしたか‥！\n---\nあれ、ラッソ様は\nごいっしょでは‥？	「{队员04}队长\n您回来了‥！\n---\n咦，拉索大人\n没有同行吗‥？
011962	WORLD/AREAM029.EMI	8	はかもりのむら	守墓之村
011963	WORLD/AREAM029.EMI	8	「おどろいた‥\n---\nお前達、海の方から\n来たのか‥！？	「吃惊呀‥\n---\n你们竟是从海上\n来的吗‥！？
011964	WORLD/AREAM029.EMI	8	「ここは、コウシアって\nチンケな村‥\n---\nめったに誰も来ねぇけど\n来たら、ウチにとめてやる‥\n---\n	「这里是高西亚\n这个小破村‥\n---\n难得有人来\n来了就住我家吧‥\n---\n
011965	WORLD/AREAM029.EMI	8	「なんだ、カネ持って\nねえのか‥	「什么嘛，身上\n没钱呀‥
011966	WORLD/AREAM029.EMI	8	「へへ‥\nめずらしい物があんよ\n買っていかんかね‥？何か買おう\n持ち物を売ろう\n武器を下取りしてもらおう\n今は用がない‥	「嘿嘿‥\n有稀罕玩意哟\n不买点走吗‥？买点什么吧\n卖点什么吧\n武器折价换购\n现在用不上‥
011967	WORLD/AREAM029.EMI	8	「この間、商人が\nこの村にめずらしい物を\n探しに来てね‥\n---\nそれ以来、ここの連中\n商売っけが出ちゃって‥	「前几天有商人\n来村里找\n稀罕玩意‥\n---\n从那以后，这里的家伙\n都做起生意瘾来了‥
011968	WORLD/AREAM029.EMI	8	「ワシも、何か\n売り物になりそうな\n物を、探そうかのぉ‥\n---\nエン·ジュの遺跡にでも\n行けば‥\n何かあるかのぉ‥	「老夫也去找找\n有没有什么\n能卖的东西吧‥\n---\n去恩朱遗迹\n那样的地方‥\n说不定有什么哟‥
011969	WORLD/AREAM029.EMI	8	「遺跡はどこだって？\n---\n\n---\nエン·ジュの遺跡なら\nシヤン川の手前を\n東に行ったところだ。	「问遗迹在哪？\n---\n\n---\n恩朱遗迹的话\n过了沙恩河前\n再往东走就到。
011970	WORLD/AREAM029.EMI	8	「遺跡に、めずらしい\nお宝があるって？\n---\nうちのジイさん\nみたいな事言ってるよ‥	「说遗迹里有\n稀罕的宝物？\n---\n跟我家老爷子\n说的一样哟‥
011971	WORLD/AREAM029.EMI	8	「へへ、いらっしゃ‥\nえ、ツボ‥？\n---\nたしかに、わしが作っとるが\nツボが欲しいのかね？	「嘿嘿，欢迎光‥\n咦，罐子‥？\n---\n罐子确实是我做的\n你是想要罐子吗？
011972	WORLD/AREAM029.EMI	8	「なんだ、そうかい。	「这样啊，原来如此。
011973	WORLD/AREAM029.EMI	8	「なら、作ってやろう‥\n---\nただし時間がかかるから\nまた後で取りに来てくれ。	「那我给你做吧‥\n---\n不过要花点时间\n之后再来取吧。
011974	WORLD/AREAM029.EMI	8	「まだできてないよ\nまた後で来てくれ。	「还没做好哟\n之后再来吧。
011975	WORLD/AREAM029.EMI	8	「おまたせ、やっと\n出来上がったよ‥\n---\n	「久等了，总算\n做好了哟‥\n---\n
011976	WORLD/AREAM029.EMI	8	「へへ、まいどあり！	「嘿嘿，多谢惠顾！
011977	WORLD/AREAM029.EMI	8	「‥金持って、出直して\n来てくれ。	「‥带上钱\n再来吧。
011978	WORLD/AREAM029.EMI	8	\n{道具1405}を手に入れた！	\n得到了{道具1405}！
011979	WORLD/AREAM029.EMI	8	「あんたが買ったツボ‥\nむかしは、タダで作って\nくれたんだけどね‥\n---\n商人がめずらしがって\n買っていくもんだから‥	「你买的罐子‥\n以前可是免费\n做的哟‥\n---\n都怪商人稀罕\n买走了它们‥
011980	WORLD/AREAM029.EMI	8	「ほえー、まだそんな\nお宝が眠っとったとは‥\n---\nもっと、よく探したら\nよかったのう‥。	「哦——，居然还有\n这种宝物睡着呢‥\n---\n早知道就\n好好找找了‥。
011981	WORLD/AREAM029.EMI	8	「あの遺跡、金目の物は\nなかったろ？\n---\n村の連中が、みんな\n持ち出して商人に\n売っちまったからな‥	「那遗迹，没什么\n值钱的东西吧？\n---\n村里的家伙们\n都搬出来\n卖给商人了嘛‥
011982	WORLD/AREAM029.EMI	8	「へ‥？\n帝都はどっちだって？\n---\nさて、どっちだろう‥\nなんせ、イナカだから‥	「诶‥？\n帝都在哪个方向？\n---\n这个嘛，谁知道呢‥\n毕竟是乡下嘛‥
011983	WORLD/AREAM030.EMI	12	かんそん	寒村
011986	WORLD/AREAM030.EMI	12	{框04}{立绘8040}「あれま！	{框04}{立绘8040}「哎呀呀！
011987	WORLD/AREAM030.EMI	12	{框04}{立绘8040}「ごめんよー‥\nケムかったろ？\n---\n{立绘8141}うちのかまど\n壊れてんだわ‥！	{框04}{立绘8040}「对不住呀——‥\n被烟熏了吧？\n---\n{立绘8141}我家的灶台\n坏掉了呢‥！
011988	WORLD/AREAM030.EMI	12	「マミさんの家\nかべが、壊れとるのぉ‥\n---\n教えてやらにゃ‥	「玛米家的\n墙，坏了呀‥\n---\n得告诉她才行‥
011989	WORLD/AREAM030.EMI	12	「みんな、よく働くよね\n感心しちゃうよ。	「大家都很勤快呢\n真让人佩服。
011990	WORLD/AREAM030.EMI	12	「あっ！\n---\n今、話しかけねェでけれ\nマメの数、かぞえてんだ‥	「啊！\n---\n现在别跟我说话\n我在数豆子呢‥
011991	WORLD/AREAM030.EMI	12	「おめ、知ってるぞ‥\nマミさんが、くわえこんだ\nヤロウだべ‥？\n---\n‥ところで、くわえこむって\nどーゆー意味だ？	「我认得你！‥\n你就是玛米捡回来\n的那个家伙吧‥？\n---\n‥话说，捡回来\n是什么意思？
011992	WORLD/AREAM030.EMI	12	{立绘0202}「きゅー	{立绘0202}「啾——
011993	WORLD/AREAM030.EMI	12	「つりは、ええのぉ‥	「钓鱼呀，妙得很‥
011994	WORLD/AREAM030.EMI	12	「はぁ‥？\n変なこと、ききなさるねぇ‥\n---\nここは、\n---\nソン村‥\n帝都のずっと東にある\nイナカじゃよ‥？	「哈啊‥？\n问这么奇怪的问题‥\n---\n这里是‥\n---\n桑村‥\n帝都再往东很远的\n乡下哟‥？
011995	WORLD/AREAM030.EMI	12	{立绘0303}「お、おめぇだな‥！\n---\nマミん家で、やっかいに\nなってるって男は！？	{立绘0303}「是，是你呀‥！\n---\n就是寄住在\n玛米家的那个男！？
011996	WORLD/AREAM030.EMI	12	{框04}{立绘0303}「おめぇ、何者だ？\nこの村に、よそ者は‥‥	{框04}{立绘0303}「你，是什么人？\n这村子里，外乡人‥‥
011997	WORLD/AREAM030.EMI	12	{框05}	{框05}
011998	WORLD/AREAM030.EMI	12	{框04}{立绘8303}「マミ‥、おめぇ‥	{框04}{立绘8303}「玛米‥，你‥
011999	WORLD/AREAM030.EMI	12	{框06}	{框06}
012000	WORLD/AREAM030.EMI	12	{框06}	{框06}
012001	WORLD/AREAM030.EMI	12	{框06}	{框06}
012002	WORLD/AREAM030.EMI	12	{框06}	{框06}
012003	WORLD/AREAM030.EMI	12	{框06}{立绘8040}「あやー‥\n地主さまに、バレちまった‥	{框06}{立绘8040}「哎呀呀‥\n被地主大人发现啦‥
012004	WORLD/AREAM030.EMI	12	{框05}	{框05}
012005	WORLD/AREAM030.EMI	12	{框06}{立绘8040}「やー‥、イトコって事に\nしておくから‥\n---\n{立绘8141}心配しねぇで、体を\n治すとええよ‥！	{框06}{立绘8040}「呀——，就对外说\n是表亲吧‥\n---\n{立绘8141}别担心，把身体\n养好就行‥！
012006	WORLD/AREAM030.EMI	12	{框06}{立绘8040}「さっき、思わず\nイトコだって言ったけど‥\n---\nおめぇさま、本当は‥	{框06}{立绘8040}「刚才一不小心\n说是表亲‥\n---\n其实你，真正的‥
012007	WORLD/AREAM030.EMI	12	{框06}{立绘8040}「いや、何でもねぇ‥	{框06}{立绘8040}「不，没什么‥
012008	WORLD/AREAM030.EMI	12	{框03}	{框03}
012009	WORLD/AREAM030.EMI	12	{框03}{立绘0404}「そのころ、この地では\n多くの国々が\nたがいに爭いあっていた。	{框03}{立绘0404}「那时，这片大地上\n众多国家\n彼此争战不休。
012010	WORLD/AREAM030.EMI	12	{框03}	{框03}
012011	WORLD/AREAM030.EMI	12	{框03}	{框03}
012012	WORLD/AREAM030.EMI	12	{框03}	{框03}
012013	WORLD/AREAM030.EMI	12	{框03}{立绘0404}「だが、{队员06}は\nさとっていた‥\nたとえ‥‥	{框03}{立绘0404}「但，{队员06}\n早已领悟‥\n即便‥‥
012014	WORLD/AREAM030.EMI	12	{框03}{立绘0404}「たとえ、神として\n完全だったとしても‥\n---\n人々の望みを\nかなえる事など\nできないと‥！	{框03}{立绘0404}「即便身为神明\n完美无缺‥\n---\n也不可能\n实现人们的\n所有愿望‥！
012015	WORLD/AREAM030.EMI	12	{框03}{立绘0505}「なぜなら、ヒトは‥	{框03}{立绘0505}「因为，人类‥
012016	WORLD/AREAM030.EMI	12	{框06}	{框06}
012017	WORLD/AREAM030.EMI	12	{框06}	{框06}
012018	WORLD/AREAM030.EMI	12	{框06}	{框06}
012019	WORLD/AREAM030.EMI	12	休んでいきますか？休んでいく\n旅の記錄だけする\nやめておく	要在此休息吗？休息一下\n只做旅途记录\n还是算了
012020	WORLD/AREAM030.EMI	12	ベッドで休みますか？休む\n休まない	要在床上休息吗？休息\n不休息
012021	WORLD/AREAM030.EMI	12	「マミさんなら、下のはたけに\n行ったよ‥\n---\nあの子もよく働くね\n感心しちゃうよ。	「玛米的话\n去下面的田里了‥\n---\n那孩子也很勤快\n真让人佩服。
012022	WORLD/AREAM030.EMI	12	「おめ、知ってるぞ！\nマミさんのオトコ‥\n---\nじゃなくって、イトコだべ？	「我认得你！\n玛米的男人‥\n---\n不对，是表亲吧？
012023	WORLD/AREAM030.EMI	12	「おめぇさん‥\nつり、した事あるか？ある\nない	「你‥\n钓过鱼吗？钓过\n没钓过
012024	WORLD/AREAM030.EMI	12	「ほ、ほ‥\nやっぱり、つり好きそうな\n顏じゃと思ったわい。	「哦，哦‥\n果然我就觉得\n你是副爱钓鱼的面相呀。
012025	WORLD/AREAM030.EMI	12	「はー‥\nつり好きそうな\n感じじゃが、のぉ‥	「是吗‥\n虽然一副爱钓鱼的\n模样，但是呀‥
012026	WORLD/AREAM030.EMI	12	{立绘0404}「竜の気が‥‥\n高まっている？	{立绘0404}「龙的气息‥‥\n在增强吗？
012028	WORLD/AREAM030.EMI	12	「何か、地なりが\nしたよね‥\n---\nびっくりしちゃったよ。	「刚才好像有\n地鸣声呢‥\n---\n吓了我一跳。
012029	WORLD/AREAM030.EMI	12	「ん‥？\n---\nマミさんなら、いつも通り\n下のはたけじゃ\nないかねぇ‥	「嗯‥？\n---\n玛米的话\n还不是老样子\n在下面的田里吗‥
012030	WORLD/AREAM030.EMI	12	「おめ、働いてっか？\n---\nケガ治ったら‥\n働かにゃ、いけんのだぞ。	「你，在干活吗？\n---\n伤养好了‥\n可得干活哟。
012031	WORLD/AREAM030.EMI	12	{立绘0202}「くふん	{立绘0202}「咕吩
012032	WORLD/AREAM030.EMI	12	「おめぇさん、今度\nヒマがあったら‥\n---\nつり、してみるがええ‥\n落ち着くから。	「你呀，下次\n有空的话‥\n---\n去钓钓鱼挺好‥\n能让人静心。
012033	WORLD/AREAM030.EMI	12	「何だか、ゆれたねぇ‥\n---\n何か起きる\n前ぶれだと、ヤダねぇ。	「好像晃了一下呢‥\n---\n要是有什么大事的\n前兆，可不妙呀。
012034	WORLD/AREAM030.EMI	12	「何じゃろなぁ‥\nさっきの、地鳴りは？	「刚才那声\n地鸣，究竟是什么呀‥
012035	WORLD/AREAM030.EMI	12	{立绘0404}「やはり、これ以上‥\n---\n関わりを持つべきでは\nないな‥	{立绘0404}「果然，不应再有‥\n---\n更深的\n牵连了呢‥
012036	WORLD/AREAM030.EMI	12	{框06}{立绘8040}「ロンのあんちゃん‥	{框06}{立绘8040}「龙家小哥‥
012037	WORLD/AREAM030.EMI	12	{框06}{立绘8040}「地主様の、言ったこと\n気にしねぇでくれ‥\n---\n村の連中は、村が\nひどいことに、ならねぇで\n助かっただよ‥\n---\n{立绘8141}もちろん、おらも\nかんしゃしてる‥	{框06}{立绘8040}「地主大人说的话\n你别放在心上‥\n---\n村里人庆幸\n村子没有\n遭了大难‥\n---\n{立绘8141}当然，我也\n心怀感激‥
012038	WORLD/AREAM030.EMI	12	{框04}{立绘8303}「こ、こちらです\n兵隊さま‥‥	{框04}{立绘8303}「就，就是这里\n官爷‥‥
012039	WORLD/AREAM030.EMI	12	{立绘C640}「突破する‥‥\n---\nいや、やりすごせるか？	{立绘C640}「强行突破‥‥\n---\n不，能不能蒙混过去？
012040	WORLD/AREAM030.EMI	12	{立绘C640}「何を、しているのだ\n私は‥‥\n---\n{立绘8545}こんな村が、どうなろうと\nやつらを倒して‥\n---\n突破できるじゃないか‥？	{立绘C640}「我，到底在\n做什么‥‥\n---\n{立绘8545}这种村子怎样都好\n打倒那些家伙‥\n---\n不就能突破了吗‥？
012041	WORLD/AREAM030.EMI	12	{立绘0606}「この家に、そいつが\nかくまわれているのだな？	{立绘0606}「那家伙就藏在\n这户人家里吧？
012042	WORLD/AREAM030.EMI	12	{框02}{立绘8343}「か、かくまうなど‥！\n---\nそんな悪人だとは\n知りませんで‥！	{框02}{立绘8343}「藏，藏匿什么的‥！\n---\n我不知道他是\n那种坏人‥！
012043	WORLD/AREAM030.EMI	12	{框02}{立绘8343}「む、村の者にも‥\n---\n武器になりそうな物を\n持たせました‥\n---\nきょ、協力しますんで‥\nへへへ‥	{框02}{立绘8343}「而且村里人也‥\n---\n配上了像样的\n武器‥\n---\n请多关照呀‥\n嘿嘿嘿‥
012044	WORLD/AREAM030.EMI	12	{框02}{立绘0303}「マミ‥！？{延时30}	{框02}{立绘0303}「玛米‥！？{延时30}
012045	WORLD/AREAM030.EMI	12	{立绘8545}「そう、か‥‥\n---\nそうだな‥‥	{立绘8545}「这样，啊‥‥\n---\n是啊‥‥
012046	WORLD/AREAM030.EMI	12	{框02}{立绘8404}「私をかくまった\nお前が‥\n---\n私を捕まえないと‥\n---\n皆に、しろい目で\n見られてしまうな‥？	{框02}{立绘8404}「收留了我的\n你‥\n---\n不把我交出去的话‥\n---\n会被大家\n白眼相待吧‥？
012047	WORLD/AREAM030.EMI	12	{框04}	{框04}
012048	WORLD/AREAM030.EMI	12	{框02}{立绘8040}「何かに、追われていても\nここで、ひっそりと\nしていれば‥\n---\nそのうち、ふつうに‥\nいっしょにくらせる‥	{框02}{立绘8040}「就算被什么\n追着，只要在这儿\n安安静静地过‥\n---\n总有一天就能\n像平常一样生活‥
012049	WORLD/AREAM030.EMI	12	{框02}{立绘8141}「そんな‥、夢みてぇな事\n考えてました‥！	{框02}{立绘8141}「我曾经想着\n那种梦一般的事‥！
012050	WORLD/AREAM030.EMI	12	{框02}{立绘8040}「すまねぇ‥\nむり言ってひきとめた\nばっかりに‥！	{框02}{立绘8040}「对不住‥\n都怪我硬把你\n留下来‥！
012051	WORLD/AREAM030.EMI	12	{框02}{立绘8343}「マミ‥！\n何してる、開けねぇか！	{框02}{立绘8343}「玛米‥！\n在干什么，快开门呀！
012052	WORLD/AREAM030.EMI	12	{框02}	{框02}
012053	WORLD/AREAM030.EMI	12	{框02}	{框02}
012054	WORLD/AREAM030.EMI	12	{框02}	{框02}
012055	WORLD/AREAM030.EMI	12	{立绘0101}「へへ‥\n---\nかまど、壊れてるの‥\nこんな時に\n役だっただね‥	{立绘0101}「嘿嘿‥\n---\n灶台坏了‥\n这种时候\n反倒派上用场了呢‥
012056	WORLD/AREAM030.EMI	12	かまどのウラの壁が、壊れている。\n無理をすれば、抜けられそうだ‥	灶台后面的墙坏了。\n硬闯的话似乎能穿过去‥
012057	WORLD/AREAM030.EMI	12	{立绘0707}「この女だけです‥！	{立绘0707}「只有这个女人‥！
012058	WORLD/AREAM030.EMI	12	{立绘0808}「{队员06}を\nかくまっていた‥\n---\nいっしょに住んでいたのか？	{立绘0808}「你收留了\n{队员06}‥\n---\n还一起住了下来吗？
012059	WORLD/AREAM030.EMI	12	{立绘8808}「アスタナに、連れて行け。\n---\n呪砲が、使えるかもしれん‥	{立绘8808}「押到阿斯塔纳去。\n---\n咒炮说不定能派上用场‥
012060	WORLD/AREAM030.EMI	12	{立绘0303}「お、おらぁ‥\n悪くねぇ‥‥‥\n---\nマミ‥‥、おめぇが‥‥	{立绘0303}「我，我没做\n坏事‥‥‥\n---\n玛米‥‥，你‥‥
012061	WORLD/AREAM030.EMI	12	「おめぇさん‥\nつり、した事あるか？ある\nない	「你‥\n钓过鱼吗？钓过\n没钓过
012062	WORLD/AREAM030.EMI	12	「ほ、ほ‥\nあんたも、つり好きそうな\n顏じゃと思ったわい。	「哦，哦‥\n果然我就觉得\n你也是副爱钓鱼的面相呀。
012063	WORLD/AREAM030.EMI	12	「はー‥\nあんたも、ないんか？\n---\nつり好きそうな\n感じじゃが、のぉ‥	「是吗‥\n你也没钓过？\n---\n虽然一副爱钓鱼的\n模样，但是呀‥
012064	WORLD/AREAM030.EMI	12	{立绘0303}「お、おめどうして‥！？\n---\n‥‥あ、いや。\n---\nよそ者は、あんまり\nこの边に来ねぇでくれ‥	{立绘0303}「你，你怎么在这‥！？\n---\n‥‥啊，没事。\n---\n外乡人尽量\n别来这一带‥
012065	WORLD/AREAM030.EMI	12	「帝都は、化け物に\nおそわれたって言うし‥\n---\nいったい、なにが\nどうなってるのかねぇ‥	「听说帝都被\n怪物袭击了‥\n---\n到底\n出了什么事呀‥
012066	WORLD/AREAM030.EMI	12	「おめぇら、知らねだろ‥\n---\nこの村、へーたいが\nいっぱい来たことが、あんだぞ。	「你们不知道吧‥\n---\n这村子，以前来过\n好多好多官兵哟。
012067	WORLD/AREAM030.EMI	12	「あれ、おめぇ‥‥‥\n---\nいや、ちがうだな‥	「咦，你‥‥‥\n---\n不，认错了‥
012068	WORLD/AREAM031.EMI	11	せきしょ	关所
012071	WORLD/AREAM031.EMI	11	{立绘C440}「夜を待って\n攻撃をかけよう‥\n---\nあれぐらいの人数なら\n突破できる。	{立绘C440}「等到夜里\n再发起攻击吧‥\n---\n那点人数\n突得过去。
012072	WORLD/AREAM031.EMI	11	{立绘0101}「{队员04}さん‥\nそれは、ちょっと‥	{立绘0101}「{队员04}‥\n那个，有点‥
012073	WORLD/AREAM031.EMI	11	{立绘8242}「なぜだ‥？\n---\n夜になってから、攻めたほうが\n有利だぞ‥	{立绘8242}「为什么‥？\n---\n等到夜里再攻\n才占优势呀‥
012074	WORLD/AREAM031.EMI	11	{立绘0303}「ぶっそうな話は\nやめてもらおうか‥\n---\n	{立绘0303}「杀气腾腾的话\n就别说了吧‥\n---\n
012076	WORLD/AREAM031.EMI	11	{框02}{立绘0404}「ん‥、おい！\n---\nお前、フーレン族の\n{队员02}じゃ、ないか？	{框02}{立绘0404}「嗯‥，喂！\n---\n你，是弗雷恩族的\n{队员02}吧？
012077	WORLD/AREAM031.EMI	11	{框02}{立绘0545}「お前、ルディアで\nおたずね者に\nなってるじゃないか！\n---\nそんな、やっかい者を\n通したら‥\n後々めんどうだ。	{框02}{立绘0545}「你，在鲁迪亚\n可是被通缉的\n要犯呀！\n---\n放这种\n麻烦家伙过去‥\n以后有得麻烦。
012078	WORLD/AREAM031.EMI	11	{框02}{立绘0404}「そうだ‥！\nたたき返してやる！！	{框02}{立绘0404}「没错‥！\n把他轰回去！！
012079	WORLD/AREAM031.EMI	11	{立绘8643}「う、うわ‥！	{立绘8643}「呜，哇‥！
012081	WORLD/AREAM031.EMI	11	{立绘8141}「いえ‥、兄さま‥\n---\nあの‥、それより‥‥	{立绘8141}「不‥，兄长大人‥\n---\n那个‥，比起这个‥‥
012082	WORLD/AREAM031.EMI	11	{框03}{立绘0701}「この、荷車を\nうまく使えないでしょうか？	{框03}{立绘0701}「能不能巧妙利用\n那辆手推车呢？
012083	WORLD/AREAM031.EMI	11	{框06}	{框06}
012085	WORLD/AREAM031.EMI	11	{立绘0404}「よよ‥、よくも\nやってくれたな‥‥	{立绘0404}「好啊‥，干得\n真漂亮呀‥‥
012086	WORLD/AREAM031.EMI	11	{立绘0505}「くそ‥、もう絶対\n通してやらないからな！	{立绘0505}「可恶‥，绝对\n不会再放你们过去了！
012087	WORLD/AREAM031.EMI	11	荷車がある、押せば\n動きそうだ‥	有辆手推车，推的话\n似乎能动‥
012088	WORLD/AREAM031.EMI	11	こちらからでは\n押せない！	从这边\n推不动！
012089	WORLD/AREAM031.EMI	11	「君は、賢樹って知ってる？	「你知道贤树吗？
012090	WORLD/AREAM031.EMI	11	「オレも、一目見ようと\n来たんだけど‥\n---\n関所が通れないなんて\nツイてないなあ‥	「我也是来\n见识一眼的‥\n---\n偏偏关所过不去\n真不走运呀‥
012091	WORLD/AREAM031.EMI	11	「シュークに向かう\nとちゅうの森に‥\n---\nなんと、人のコトバを\n話す木があるんだって\n---\n人間なんかより、ずっと\n長生きしてる間に\nチエをつけたらしいよ。	「在去休克\n路上的森林里‥\n---\n据说有棵会说\n人话的树\n---\n比人类活得久得多\n便在漫长岁月里\n开悟了智慧。
012092	WORLD/AREAM031.EMI	11	「何を急いでるか\n知らんが‥\n---\nすこし休んで\n落ち着きな。泊まって行く\n旅の記錄だけする\nやめておく	「不知你在急什么‥\n——不过呀‥\n---\n但不如歇一歇\n定定心。住一晚\n只做旅途记录\n还是算了
012093	WORLD/AREAM031.EMI	11	{立绘0805}「み、見張りのオレを\n倒しても関所は\n通れないぞ‥\n---\nわ、わかったら\nあっち行け！	{立绘0805}「就，就算打倒\n放哨的我\n关所也过不去‥\n---\n明，明白了的话\n给我到那边去！
012094	WORLD/AREAM031.EMI	11	{立绘0906}「時は金なり\n店は世界なり‥\n---\nマニーロ屋グループの\nモットーでっせ！トレードしよう\nけいひんをこうかんしよう\nやめておこう	{立绘0906}「时间就是金钱\n店铺就是世界‥\n---\n这可是马尼罗屋集团的\n座右铭哟！来交易吧\n交换纪念品\n还是算了吧
012095	WORLD/AREAM031.EMI	11	{立绘0A07}「せっかく君たちの\n砂船に乘せてもらったのに‥\n---\nこの関所が通れないんじゃ\nしょうがないよ‥	{立绘0A07}「好不容易搭上\n你们的沙船‥\n---\n这关所过不去\n也是没办法呀‥
012096	WORLD/AREAM032.EMI	11	「すなのまちシェド	砂之镇谢德
012098	WORLD/AREAM032.EMI	11	「ここから先の砂漠は\n砂船でもないと\nこえられないなぁ‥	「前面的沙漠\n没有沙船\n是过不去的呀‥
012099	WORLD/AREAM032.EMI	11	「アツい‥アツすぎる！\n---\nアセがまるで、たきの\nようではないか！	「热‥太热了！\n---\n汗流得简直像\n瀑布一样！
012101	WORLD/AREAM032.EMI	11	「お金‥たりないね。	「钱‥不够呢。
012103	WORLD/AREAM032.EMI	11	「これとそれとあれと\nうーん、どれも欲しい‥	「这个和那个还有那个‥\n嗯——，全都想要‥
012104	WORLD/AREAM032.EMI	11	「ここは\n---\nシェド‥\n---\n大砂漠の入り口に\nあるから、砂の町なんて\n呼ばれてるがね‥	「这里是\n---\n谢德‥\n---\n因为坐落在大沙漠的\n入口，被叫作\n砂之镇‥
012105	WORLD/AREAM032.EMI	11	「ここには、砂船を使って\n商売してる人たちが\n集まってくるんだよ	「靠沙船做生意的人\n都会聚集\n到这里来哟
012106	WORLD/AREAM032.EMI	11	{立绘0101}\n「ふみゅー	{立绘0101}\n「呼喵——
012107	WORLD/AREAM032.EMI	11	「大きな砂船が\n通るときには‥\n---\nそこのはね橋が\n上がる仕組みなんだって。	「听说大沙船\n经过的时候‥\n---\n那边的吊桥\n会升起来。
012108	WORLD/AREAM032.EMI	11	「セネスタの方が\n高く売れるさ！	「运到塞内斯塔\n能卖更高的价！
012109	WORLD/AREAM032.EMI	11	「チャンバの方が\n絶対、もうかるって！	「运去占巴\n绝对更赚钱！
012111	WORLD/AREAM032.EMI	11	「ふむ、チャンバでも\n売れるかもなぁ‥	「嗯，占巴那边\n也许也能卖掉‥
012112	WORLD/AREAM032.EMI	11	「うん、セネスタでも\nあんがいもうかるかも‥	「嗯，塞内斯塔那边\n说不定也很赚‥
012113	WORLD/AREAM032.EMI	11	「砂船ねぇ‥\n---\n持ってたらこんなとこで\nトホウにくれてないよ‥	「沙船呀‥\n---\n要是有的话\n才不会困在这种地方呢‥
012114	WORLD/AREAM032.EMI	11	「砂船をさがしてるの？\n---\nだったらはね橋の\n管理人にでも\n闻いてみたら？	「在找沙船？\n---\n那去问问\n吊桥的\n管理员怎么样？
012115	WORLD/AREAM032.EMI	11	「商人の船だったら\nよく来てるけど‥\n---\n荷物をつんだら\nすぐに出発しちゃうよ。	「商人的船倒是\n常来‥\n---\n但装完货\n马上就出发了。
012116	WORLD/AREAM032.EMI	11	{立绘8242}「しまった、船が！！	{立绘8242}「糟了，船！！
012119	WORLD/AREAM032.EMI	11	「とと、盗賊だ〜〜っ！	「盗，盗贼——！
012120	WORLD/AREAM032.EMI	11	「うひー！	「呜咿——！
012121	WORLD/AREAM032.EMI	11	{立绘0303}「なんや、アンタらか‥！？	{立绘0303}「搞什么，是你们‥！？
012122	WORLD/AREAM032.EMI	11	{立绘0303}「帝国から归ってきて\n盗賊に職がえか‥\n---\nいろいろと、まぁ\nいそがしい事ですなぁ‥？	{立绘0303}「从帝国回来就改行\n当盗贼啦‥\n---\n可真是百忙\n之中呀‥？
012123	WORLD/AREAM032.EMI	11	{立绘C240}「いや、その‥\nすまん、マーロック。\n---\n便乘を賴むつもり\nだったんだが‥	{立绘C240}「不，那个‥\n对不住，马洛克。\n---\n本想求你\n捎我们一程的‥
012124	WORLD/AREAM032.EMI	11	{立绘8444}「ごめんなさい\nマーロックさん‥\n---\n{立绘C140}わたし達、また\n西側に行きたくて‥\n---\n砂船を探して\nいるんです‥	{立绘8444}「对不起\n马洛克先生‥\n---\n{立绘C140}我们，又想去\n西边‥\n---\n正在找\n沙船‥
012125	WORLD/AREAM032.EMI	11	{立绘0303}「船が、欲しいからって\n人、おそわんでも\nよろしいがな‥\n---\nシェドの町、行ったら\n砂船売ってますやろ。	{立绘0303}「想要船也不至于\n去袭击\n人家吧‥\n---\n去谢德镇\n有卖沙船的呀。
012126	WORLD/AREAM032.EMI	11	{立绘C240}「うっ‥、しかし‥\n---\n砂船を買えるほどの\n大金は‥‥	{立绘C240}「呜‥，可是‥\n---\n买沙船的\n大钱‥‥
012127	WORLD/AREAM032.EMI	11	{立绘0303}「ああ、さよか‥\n---\nビンボーしたら\n人が悪うなる、っちゅうのは\nホンマでしたんやな。	{立绘0303}「哦，这样呀‥\n---\n人一穷就变坏\n这话\n果然是真的呀。
012128	WORLD/AREAM032.EMI	11	{立绘C240}「す、すまん‥\nマーロック‥‥\n---\nまた、コキ使って\nもらっても、かまわん‥\n---\nなんとか、砂船に‥‥	{立绘C240}「对，对不住‥\n马洛克‥‥\n---\n再被你\n使唤也认了‥\n---\n想办法坐上沙船‥‥
012129	WORLD/AREAM032.EMI	11	{立绘0303}「コキ使う、ってアンタ\n人闻きの悪い‥\n---\nわいもいそがしいんや‥\n---\nいつも、いつも\nアンタらみたいな連中を\n乘せられますかいな！	{立绘0303}「使唤，这词儿\n多难听呀‥\n---\n我也很忙的‥\n---\n哪能总是\n总是载你们\n这种家伙呀！
012130	WORLD/AREAM032.EMI	11	{立绘0303}「でも、まぁ‥\n---\n知ってる者が\n盗賊になり果てるんを\nだまって見てるのも‥\n---\n気がひけるしな‥	{立绘0303}「不过，嘛‥\n---\n眼睁睁看着\n认识的人堕落成\n盗贼‥\n---\n心里也不好受‥
012131	WORLD/AREAM032.EMI	11	{立绘0303}「分かりました、ほな\n砂船を買う金‥\n---\nわいが都合しましょ。	{立绘0303}「明白了，那\n买沙船的钱‥\n---\n我来想办法。
012132	WORLD/AREAM032.EMI	11	{立绘0303}「これ、持って行きなはれ‥\n---\n{立绘FFFF}\n『{道具2B05}』をもらった！	{立绘0303}「这个，拿去吧‥\n---\n{立绘FFFF}\n得到了『{道具2B05}』！
012133	WORLD/AREAM032.EMI	11	{立绘8544}「そ、そんな‥！？\n---\n{立绘8644}本当に、いいんですか\nマーロックさん！？	{立绘8544}「怎，怎么会‥！？\n---\n{立绘8644}真的可以吗\n马洛克先生！？
012134	WORLD/AREAM032.EMI	11	{立绘0702}「信じられんな\nあのごうつく商人が‥！？	{立绘0702}「难以置信\n那个奸商居然‥！？
012136	WORLD/AREAM032.EMI	11	「おまたせ、旅の人！	「久等了，旅行的人！
012137	WORLD/AREAM032.EMI	11	「これがアンタ達の\n砂船だ、後は自由に\n乘って行ってくれ！\n---\n‥けど、その前に\n操作の說明を\n讀んでもらおうかな。	「这就是你们的\n沙船了，之后就随便\n开着上路吧！\n---\n‥不过在那之前\n先来读读\n操作说明吧。
012138	WORLD/AREAM032.EMI	11	{框21}方向キーの\n---\n左右で\n砂船のすすむ方向を\nコントロールします。\n---\n○ボタンはアクセル‥\n押している間加速し\n放せばゆっくり減速します。\n---\n×ボタンがブレーキ‥\n押せば、すぐに減速できます。\n---\nまた、コースにある砂山は\n上に乘っかる事で\nジャンプも出来ます\n---\nジャンプ中に方向キーを\nグルグル回すと‥？\n---\n\nもう一度說明を讀みますか？	{框21}用方向键的\n---\n左右\n控制沙船\n前进的方向。\n---\n○键是油门‥\n按住期间加速\n松开后缓慢减速。\n---\n×键是刹车‥\n按下后可立即减速。\n---\n另外，赛道上的沙山\n从上面压过\n也能起跳\n---\n跳跃中转动方向键\n会怎样‥？\n---\n\n要再读一遍说明吗？
012139	WORLD/AREAM032.EMI	11	「あとは乘ってみて\n確かめたらいいよ‥\n---\n操作をわすれちゃったら\nまた闻きに来てよ。	「之后就自己\n开开看吧‥\n---\n忘了操作\n再来问我就行。
012140	WORLD/AREAM032.EMI	11	「それじゃあ、よい旅を！	「那么，祝旅途愉快！
012141	WORLD/AREAM032.EMI	11	\n砂船に乘って、どこへ行こう？ハシビトの町へ‥\nどこへも行かない	\n乘上沙船，去哪里？去桥守之镇‥\n哪儿也不去
012142	WORLD/AREAM032.EMI	11	\n砂船に乘って、どこへ行こう？ハシビトの町へ‥\nシューク地方へ‥\nどこへも行かない	\n乘上沙船，去哪里？去桥守之镇‥\n去休克地方‥\n哪儿也不去
012143	WORLD/AREAM032.EMI	11	「君達も砂船乘りか‥\nだったら、もう\n---\n砂竜には\n出会ったかい？もちろん！\nいえ、まだ‥	「你们也是沙船客呀‥\n那样的话，想必‥\n---\n沙龙\n见过了吗？当然！\n不，还没有‥
012144	WORLD/AREAM032.EMI	11	「人をおそわないと\nいわれても‥\n---\n近くで見ちまうと\nやっぱり、怖いよなあ。	「虽说它不袭击人‥\n---\n可凑近一看\n果然还是\n吓人呀。
012145	WORLD/AREAM032.EMI	11	「そうか‥なら一度\n見に行ってみるといい	「这样啊‥那不如\n亲自去看一眼
012146	WORLD/AREAM032.EMI	11	ここから、シュークに\n向かう砂漠のはずれに\n\n---\nオアシスがあるんだが‥\n---\nその近くに、よく砂竜が\n現れるんだ！	从这里往休克去\n的沙漠尽头\n\n---\n有片绿洲‥\n---\n它附近常有\n沙龙出没！
012147	WORLD/AREAM032.EMI	11	もっと、砂船を\n\n---\n上手く乘りこなせる\nようになったら\n---\n砂竜のいる場所を\n教えてあげよう！	等你把沙船\n\n---\n驾驭得更\n得心应手了\n---\n再告诉你\n沙龙的出没地吧！
012148	WORLD/AREAM032.EMI	11	「他人のお宝は\n良く見える‥\n---\nというワケで、君の持ってる\n	「别人家的宝物\n看起来格外好‥\n---\n所以我看上你手里的\n
012149	WORLD/AREAM032.EMI	11	\n{占位01}と取り替えた！\n---\n	\n换成了{占位01}！\n---\n
012150	WORLD/AREAM032.EMI	11	「‥こうして\n手に入れてみると‥\n---\n今度は君のお宝が\n良く見えてしまう‥	「‥等到\n入手之后‥\n---\n这回又轮到你手里的\n宝物看着好了‥
012151	WORLD/AREAM032.EMI	11	「他人のお宝は\n良く見える‥\n---\nそう思ったことは\nないかな‥？	「别人家的宝物\n看起来格外好‥\n---\n你有没有\n这样想过呢‥？
012152	WORLD/AREAM032.EMI	11	{立绘0905}「さすが、町の入り口\n客の食いつきバツグンや\n---\nマニーロ屋だけど‥\nなんか見てって！トレードしよう\nけいひんをこうかんしよう\nやめておこう	{立绘0905}「不愧是镇子入口\n客人上钩率一流呀\n---\n本店是马尼罗屋‥\n随便看看吧！来交易吧\n交换纪念品\n还是算了吧
012153	WORLD/AREAM032.EMI	11	{立绘0A06}「こんにちは、みなさん。\nうがー。\n---\nどうですか、旅にはもう\nなれましたか‥？\n---\n知ってトクするお話を\n闻いてくださいね、うがー。★ヒュールについて\n古い竜の力\n竜に変身する\n話を闻かない	{立绘0A06}「各位，你们好。\n呜嘎——。\n---\n怎么样，已经习惯\n旅行了吗‥？\n---\n来听点闻者受益的故事吧\n呜嘎——。★关于咻尔\n古龙之力\n变身为龙\n不听故事
012154	WORLD/AREAM032.EMI	11	「ぱんぱかぱーん‥！\nおめでとうございまーす\nうがー。\n---\nこの話を闻いたあなたは\n今から、\n---\nヒュールが\n使えるようになりました。\n---\n\n---\nヒュールって言うのは‥\n---\n行ったことのある、町や村に\nひゅーっと、飛んで行ける\nワザなのです、うがー。\n---\n町の外に出たら\nセレクトボタンをおしてね。\nうがうがー。\n---\nあか色のポイントの場所に\nひゅーっと、行けますよ。\n---\n	「噔噔噔噔——！\n恭喜恭喜——\n呜嘎——。\n---\n听完这段话的你\n从现在起\n---\n就可以使用\n咻尔了。\n---\n\n---\n所谓咻尔‥\n---\n就是嗖地一下飞到\n去过的城镇或村庄的\n绝技哟，呜嘎——。\n---\n出了镇子后\n请按选择键。\n呜嘎呜嘎——。\n---\n就能咻地一下\n飞到红色标记的地方哟。\n---\n
012155	WORLD/AREAM032.EMI	11	「砂竜や、泥竜のような\n古の竜には、会いましたか？\n---\n彼らに会って、力を\nさずかると‥\n---\n戦闘の時に、その力を\n使うことができます。\n---\nAPを使わないので\nおトクなんですが‥\n---\n次に、\n---\n宿屋で休むまで\n使えなくなってしまいます。\n---\n使い所に気をつけて\nくださいね。\nうがー。\n---\n	「沙龙和泥龙那样的\n古龙，见过面了吗？\n---\n与它们相见并获授\n力量之后‥\n---\n战斗时就可以\n使用那种力量。\n---\n好处是不耗AP\n不过‥\n---\n用过一次后\n---\n就要到旅店休息后\n才能再用了。\n---\n使用时机\n可得留心呀。\n呜嘎——。\n---\n
012156	WORLD/AREAM032.EMI	11	「	「
012157	WORLD/AREAM032.EMI	11	「他に、闻きますか？★ヒュールについて\n古い竜の力\n竜に変身する\n話を闻かない	「还要听别的吗？★关于咻尔\n古龙之力\n变身为龙\n不听故事
012158	WORLD/AREAM032.EMI	11	「あら、そうですの‥\n---\nそれでは、みなさん\nお気をつけて、うががー。	「哦，这样呀‥\n---\n那么，各位\n路上小心，呜嘎嘎——。
012159	WORLD/AREAM032.EMI	11	{立绘0A06}「こんにちは、みなさん。\nうがー。\n---\nどうですか、旅にはもう\nなれましたか‥？\n---\n知ってトクするお話を\n闻いてくださいね、うがー。ヒュールについて\n古い竜の力\n竜に変身する\n話を闻かない	{立绘0A06}「各位，你们好。\n呜嘎——。\n---\n怎么样，已经习惯\n旅行了吗‥？\n---\n来听点闻者受益的故事吧\n呜嘎——。关于咻尔\n古龙之力\n变身为龙\n不听故事
012160	WORLD/AREAM032.EMI	11	「\n---\nヒュールって言うのは‥\n---\n行ったことのある、町や村に\nひゅーっと、飛んで行ける\nワザなのです、うがー。\n---\n町の外に出たら\nセレクトボタンをおしてね。\nうがうがー。\n---\nあか色のポイントの場所に\nひゅーっと、行けますよ。\n---\n	「\n---\n所谓咻尔‥\n---\n就是嗖地一下飞到\n去过的城镇或村庄的\n绝技哟，呜嘎——。\n---\n出了镇子后\n请按选择键。\n呜嘎呜嘎——。\n---\n就能咻地一下\n飞到红色标记的地方哟。\n---\n
012161	WORLD/AREAM032.EMI	11	「砂竜や、泥竜のような\n古の竜には、会いましたか？\n---\n彼らに会って、力を\nさずかると‥\n---\n戦闘の時に、その力を\n使うことができます。\n---\nAPを使わないので\nおトクなんですが‥\n---\n次に、\n---\n宿屋で休むまで\n使えなくなってしまいます。\n---\n使い所に気をつけて\nくださいね。\nうがー。\n---\n	「沙龙和泥龙那样的\n古龙，见过面了吗？\n---\n与它们相见并获授\n力量之后‥\n---\n战斗时就可以\n使用那种力量。\n---\n好处是不耗AP\n不过‥\n---\n用过一次后\n---\n就要到旅店休息后\n才能再用了。\n---\n使用时机\n可得留心呀。\n呜嘎——。\n---\n
012162	WORLD/AREAM032.EMI	11	「	「
012163	WORLD/AREAM032.EMI	11	「他に、闻きますか？ヒュールについて\n古い竜の力\n竜に変身する\n話を闻かない	「还要听别的吗？关于咻尔\n古龙之力\n变身为龙\n不听故事
012164	WORLD/AREAM032.EMI	11	「あら、そうですの‥\n---\nそれでは、みなさん\nお気をつけて、うががー。	「哦，这样呀‥\n---\n那么，各位\n路上小心，呜嘎嘎——。
012165	WORLD/AREAM033.EMI	11	「すなのまちシェド	砂之镇谢德
012167	WORLD/AREAM033.EMI	11	「ここから先の砂漠は\n砂船でもないと\nこえられないなぁ‥	「前面的沙漠\n没有沙船\n是过不去的呀‥
012168	WORLD/AREAM033.EMI	11	「アツい‥アツすぎる！\n---\nアセがまるで、たきの\nようではないか！	「热‥太热了！\n---\n汗流得简直像\n瀑布一样！
012170	WORLD/AREAM033.EMI	11	「お金‥たりないね。	「钱‥不够呢。
012172	WORLD/AREAM033.EMI	11	「これとそれとあれと\nうーん、どれも欲しい‥	「这个和那个还有那个‥\n嗯——，全都想要‥
012173	WORLD/AREAM033.EMI	11	「ここは\n---\nシェド‥\n---\n大砂漠の入り口に\nあるから、砂の町なんて\n呼ばれてるがね‥	「这里是\n---\n谢德‥\n---\n因为坐落在大沙漠的\n入口，被叫作\n砂之镇‥
012174	WORLD/AREAM033.EMI	11	「ここには、砂船を使って\n商売してる人たちが\n集まってくるんだよ	「靠沙船做生意的人\n都会聚集\n到这里来哟
012175	WORLD/AREAM033.EMI	11	{立绘0101}\n「ふみゅー	{立绘0101}\n「呼喵——
012176	WORLD/AREAM033.EMI	11	「大きな砂船が\n通るときには‥\n---\nそこのはね橋が\n上がる仕組みなんだって。	「听说大沙船\n经过的时候‥\n---\n那边的吊桥\n会升起来。
012177	WORLD/AREAM033.EMI	11	「セネスタの方が\n高く売れるさ！	「运到塞内斯塔\n能卖更高的价！
012178	WORLD/AREAM033.EMI	11	「チャンバの方が\n絶対、もうかるって！	「运去占巴\n绝对更赚钱！
012180	WORLD/AREAM033.EMI	11	「ふむ、チャンバでも\n売れるかもなぁ‥	「嗯，占巴那边\n也许也能卖掉‥
012181	WORLD/AREAM033.EMI	11	「うん、セネスタでも\nあんがいもうかるかも‥	「嗯，塞内斯塔那边\n说不定也很赚‥
012182	WORLD/AREAM033.EMI	11	「砂船ねぇ‥\n---\n持ってたらこんなとこで\nトホウにくれてないよ‥	「沙船呀‥\n---\n要是有的话\n才不会困在这种地方呢‥
012183	WORLD/AREAM033.EMI	11	「砂船をさがしてるの？\n---\nだったらはね橋の\n管理人にでも\n闻いてみたら？	「在找沙船？\n---\n那去问问\n吊桥的\n管理员怎么样？
012184	WORLD/AREAM033.EMI	11	「商人の船だったら\nよく来てるけど‥\n---\n荷物をつんだら\nすぐに出発しちゃうよ。	「商人的船倒是\n常来‥\n---\n但装完货\n马上就出发了。
012185	WORLD/AREAM033.EMI	11	{立绘8242}「しまった、船が！！	{立绘8242}「糟了，船！！
012188	WORLD/AREAM033.EMI	11	「とと、盗賊だ〜〜っ！	「盗，盗贼——！
012189	WORLD/AREAM033.EMI	11	「うひー！	「呜咿——！
012190	WORLD/AREAM033.EMI	11	{立绘0303}「なんや、アンタらか‥！？	{立绘0303}「搞什么，是你们‥！？
012191	WORLD/AREAM033.EMI	11	{立绘0303}「帝国から归ってきて\n盗賊に職がえか‥\n---\nいろいろと、まぁ\nいそがしい事ですなぁ‥？	{立绘0303}「从帝国回来就改行\n当盗贼啦‥\n---\n可真是百忙\n之中呀‥？
012192	WORLD/AREAM033.EMI	11	{立绘C240}「いや、その‥\nすまん、マーロック。\n---\n便乘を賴むつもり\nだったんだが‥	{立绘C240}「不，那个‥\n对不住，马洛克。\n---\n本想求你\n捎我们一程的‥
012193	WORLD/AREAM033.EMI	11	{立绘8444}「ごめんなさい\nマーロックさん‥\n---\n{立绘C140}わたし達、また\n西側に行きたくて‥\n---\n砂船を探して\nいるんです‥	{立绘8444}「对不起\n马洛克先生‥\n---\n{立绘C140}我们，又想去\n西边‥\n---\n正在找\n沙船‥
012194	WORLD/AREAM033.EMI	11	{立绘0303}「船が、欲しいからって\n人、おそわんでも\nよろしいがな‥\n---\nシェドの町、行ったら\n砂船売ってますやろ。	{立绘0303}「想要船也不至于\n去袭击\n人家吧‥\n---\n去谢德镇\n有卖沙船的呀。
012195	WORLD/AREAM033.EMI	11	{立绘C240}「うっ‥、しかし‥\n---\n砂船を買えるほどの\n大金は‥‥	{立绘C240}「呜‥，可是‥\n---\n买沙船的\n大钱‥‥
012196	WORLD/AREAM033.EMI	11	{立绘0303}「ああ、さよか‥\n---\nビンボーしたら\n人が悪うなる、っちゅうのは\nホンマでしたんやな。	{立绘0303}「哦，这样呀‥\n---\n人一穷就变坏\n这话\n果然是真的呀。
012197	WORLD/AREAM033.EMI	11	{立绘C240}「す、すまん‥\nマーロック‥‥\n---\nまた、コキ使って\nもらっても、かまわん‥\n---\nなんとか、砂船に‥‥	{立绘C240}「对，对不住‥\n马洛克‥‥\n---\n再被你\n使唤也认了‥\n---\n想办法坐上沙船‥‥
012198	WORLD/AREAM033.EMI	11	{立绘0303}「コキ使う、ってアンタ\n人闻きの悪い‥\n---\nわいもいそがしいんや‥\n---\nいつも、いつも\nアンタらみたいな連中を\n乘せられますかいな！	{立绘0303}「使唤，这词儿\n多难听呀‥\n---\n我也很忙的‥\n---\n哪能总是\n总是载你们\n这种家伙呀！
012199	WORLD/AREAM033.EMI	11	{立绘0303}「でも、まぁ‥\n---\n知ってる者が\n盗賊になり果てるんを\nだまって見てるのも‥\n---\n気がひけるしな‥	{立绘0303}「不过，嘛‥\n---\n眼睁睁看着\n认识的人堕落成\n盗贼‥\n---\n心里也不好受‥
012200	WORLD/AREAM033.EMI	11	{立绘0303}「分かりました、ほな\n砂船を買う金‥\n---\nわいが都合しましょ。	{立绘0303}「明白了，那\n买沙船的钱‥\n---\n我来想办法。
012201	WORLD/AREAM033.EMI	11	{立绘0303}「これ、持って行きなはれ‥\n---\n{立绘FFFF}\n『{道具2B05}』をもらった！	{立绘0303}「这个，拿去吧‥\n---\n{立绘FFFF}\n得到了『{道具2B05}』！
012202	WORLD/AREAM033.EMI	11	{立绘8544}「そ、そんな‥！？\n---\n{立绘8644}本当に、いいんですか\nマーロックさん！？	{立绘8544}「怎，怎么会‥！？\n---\n{立绘8644}真的可以吗\n马洛克先生！？
012203	WORLD/AREAM033.EMI	11	{立绘0702}「信じられんな\nあのごうつく商人が‥！？	{立绘0702}「难以置信\n那个奸商居然‥！？
012205	WORLD/AREAM033.EMI	11	「おまたせ、旅の人！	「久等了，旅行的人！
012206	WORLD/AREAM033.EMI	11	「これがアンタ達の\n砂船だ、後は自由に\n乘って行ってくれ！\n---\n‥けど、その前に\n操作の說明を\n讀んでもらおうかな。	「这就是你们的\n沙船了，之后就随便\n开着上路吧！\n---\n‥不过在那之前\n先来读读\n操作说明吧。
012207	WORLD/AREAM033.EMI	11	{框21}方向キーの\n---\n左右で\n砂船のすすむ方向を\nコントロールします。\n---\n○ボタンはアクセル‥\n押している間加速し\n放せばゆっくり減速します。\n---\n×ボタンがブレーキ‥\n押せば、すぐに減速できます。\n---\nまた、コースにある砂山は\n上に乘っかる事で\nジャンプも出来ます\n---\nジャンプ中に方向キーを\nグルグル回すと‥？\n---\n\nもう一度說明を讀みますか？	{框21}用方向键的\n---\n左右\n控制沙船\n前进的方向。\n---\n○键是油门‥\n按住期间加速\n松开后缓慢减速。\n---\n×键是刹车‥\n按下后可立即减速。\n---\n另外，赛道上的沙山\n从上面压过\n也能起跳\n---\n跳跃中转动方向键\n会怎样‥？\n---\n\n要再读一遍说明吗？
012208	WORLD/AREAM033.EMI	11	「あとは乘ってみて\n確かめたらいいよ‥\n---\n操作をわすれちゃったら\nまた闻きに来てよ。	「之后就自己\n开开看吧‥\n---\n忘了操作\n再来问我就行。
012209	WORLD/AREAM033.EMI	11	「それじゃあ、よい旅を！	「那么，祝旅途愉快！
012210	WORLD/AREAM033.EMI	11	\n砂船に乘って、どこへ行こう？ハシビトの町へ‥\nどこへも行かない	\n乘上沙船，去哪里？去桥守之镇‥\n哪儿也不去
012211	WORLD/AREAM033.EMI	11	\n砂船に乘って、どこへ行こう？ハシビトの町へ‥\nシューク地方へ‥\nどこへも行かない	\n乘上沙船，去哪里？去桥守之镇‥\n去休克地方‥\n哪儿也不去
012212	WORLD/AREAM033.EMI	11	「君達も砂船乘りか‥\nだったら、もう\n---\n砂竜には\n出会ったかい？もちろん！\nいえ、まだ‥	「你们也是沙船客呀‥\n那样的话，想必‥\n---\n沙龙\n见过了吗？当然！\n不，还没有‥
012213	WORLD/AREAM033.EMI	11	「人をおそわないと\nいわれても‥\n---\n近くで見ちまうと\nやっぱり、怖いよなあ。	「虽说它不袭击人‥\n---\n可凑近一看\n果然还是\n吓人呀。
012214	WORLD/AREAM033.EMI	11	「そうか‥なら一度\n見に行ってみるといい	「这样啊‥那不如\n亲自去看一眼
012215	WORLD/AREAM033.EMI	11	ここから、シュークに\n向かう砂漠のはずれに\n\n---\nオアシスがあるんだが‥\n---\nその近くに、よく砂竜が\n現れるんだ！	从这里往休克去\n的沙漠尽头\n\n---\n有片绿洲‥\n---\n它附近常有\n沙龙出没！
012216	WORLD/AREAM033.EMI	11	もっと、砂船を\n\n---\n上手く乘りこなせる\nようになったら\n---\n砂竜のいる場所を\n教えてあげよう！	等你把沙船\n\n---\n驾驭得更\n得心应手了\n---\n再告诉你\n沙龙的出没地吧！
012217	WORLD/AREAM033.EMI	11	「他人のお宝は\n良く見える‥\n---\nというワケで、君の持ってる\n	「别人家的宝物\n看起来格外好‥\n---\n所以我看上你手里的\n
012218	WORLD/AREAM033.EMI	11	\n{占位01}と取り替えた！\n---\n	\n换成了{占位01}！\n---\n
012219	WORLD/AREAM033.EMI	11	「‥こうして\n手に入れてみると‥\n---\n今度は君のお宝が\n良く見えてしまう‥	「‥等到\n入手之后‥\n---\n这回又轮到你手里的\n宝物看着好了‥
012220	WORLD/AREAM033.EMI	11	「他人のお宝は\n良く見える‥\n---\nそう思ったことは\nないかな‥？	「别人家的宝物\n看起来格外好‥\n---\n你有没有\n这样想过呢‥？
012221	WORLD/AREAM033.EMI	11	{立绘0905}「さすが、町の入り口\n客の食いつきバツグンや\n---\nマニーロ屋だけど‥\nなんか見てって！トレードしよう\nけいひんをこうかんしよう\nやめておこう	{立绘0905}「不愧是镇子入口\n客人上钩率一流呀\n---\n本店是马尼罗屋‥\n随便看看吧！来交易吧\n交换纪念品\n还是算了吧
012222	WORLD/AREAM033.EMI	11	{立绘0A06}「こんにちは、みなさん。\nうがー。\n---\nどうですか、旅にはもう\nなれましたか‥？\n---\n知ってトクするお話を\n闻いてくださいね、うがー。★ヒュールについて\n古い竜の力\n竜に変身する\n話を闻かない	{立绘0A06}「各位，你们好。\n呜嘎——。\n---\n怎么样，已经习惯\n旅行了吗‥？\n---\n来听点闻者受益的故事吧\n呜嘎——。★关于咻尔\n古龙之力\n变身为龙\n不听故事
012223	WORLD/AREAM033.EMI	11	「ぱんぱかぱーん‥！\nおめでとうございまーす\nうがー。\n---\nこの話を闻いたあなたは\n今から、\n---\nヒュールが\n使えるようになりました。\n---\n\n---\nヒュールって言うのは‥\n---\n行ったことのある、町や村に\nひゅーっと、飛んで行ける\nワザなのです、うがー。\n---\n町の外に出たら\nセレクトボタンをおしてね。\nうがうがー。\n---\nあか色のポイントの場所に\nひゅーっと、行けますよ。\n---\n	「噔噔噔噔——！\n恭喜恭喜——\n呜嘎——。\n---\n听完这段话的你\n从现在起\n---\n就可以使用\n咻尔了。\n---\n\n---\n所谓咻尔‥\n---\n就是嗖地一下飞到\n去过的城镇或村庄的\n绝技哟，呜嘎——。\n---\n出了镇子后\n请按选择键。\n呜嘎呜嘎——。\n---\n就能咻地一下\n飞到红色标记的地方哟。\n---\n
012224	WORLD/AREAM033.EMI	11	「砂竜や、泥竜のような\n古の竜には、会いましたか？\n---\n彼らに会って、力を\nさずかると‥\n---\n戦闘の時に、その力を\n使うことができます。\n---\nAPを使わないので\nおトクなんですが‥\n---\n次に、\n---\n宿屋で休むまで\n使えなくなってしまいます。\n---\n使い所に気をつけて\nくださいね。\nうがー。\n---\n	「沙龙和泥龙那样的\n古龙，见过面了吗？\n---\n与它们相见并获授\n力量之后‥\n---\n战斗时就可以\n使用那种力量。\n---\n好处是不耗AP\n不过‥\n---\n用过一次后\n---\n就要到旅店休息后\n才能再用了。\n---\n使用时机\n可得留心呀。\n呜嘎——。\n---\n
012225	WORLD/AREAM033.EMI	11	「	「
012226	WORLD/AREAM033.EMI	11	「他に、闻きますか？★ヒュールについて\n古い竜の力\n竜に変身する\n話を闻かない	「还要听别的吗？★关于咻尔\n古龙之力\n变身为龙\n不听故事
012227	WORLD/AREAM033.EMI	11	「あら、そうですの‥\n---\nそれでは、みなさん\nお気をつけて、うががー。	「哦，这样呀‥\n---\n那么，各位\n路上小心，呜嘎嘎——。
012228	WORLD/AREAM033.EMI	11	{立绘0A06}「こんにちは、みなさん。\nうがー。\n---\nどうですか、旅にはもう\nなれましたか‥？\n---\n知ってトクするお話を\n闻いてくださいね、うがー。ヒュールについて\n古い竜の力\n竜に変身する\n話を闻かない	{立绘0A06}「各位，你们好。\n呜嘎——。\n---\n怎么样，已经习惯\n旅行了吗‥？\n---\n来听点闻者受益的故事吧\n呜嘎——。关于咻尔\n古龙之力\n变身为龙\n不听故事
012229	WORLD/AREAM033.EMI	11	「\n---\nヒュールって言うのは‥\n---\n行ったことのある、町や村に\nひゅーっと、飛んで行ける\nワザなのです、うがー。\n---\n町の外に出たら\nセレクトボタンをおしてね。\nうがうがー。\n---\nあか色のポイントの場所に\nひゅーっと、行けますよ。\n---\n	「\n---\n所谓咻尔‥\n---\n就是嗖地一下飞到\n去过的城镇或村庄的\n绝技哟，呜嘎——。\n---\n出了镇子后\n请按选择键。\n呜嘎呜嘎——。\n---\n就能咻地一下\n飞到红色标记的地方哟。\n---\n
012230	WORLD/AREAM033.EMI	11	「砂竜や、泥竜のような\n古の竜には、会いましたか？\n---\n彼らに会って、力を\nさずかると‥\n---\n戦闘の時に、その力を\n使うことができます。\n---\nAPを使わないので\nおトクなんですが‥\n---\n次に、\n---\n宿屋で休むまで\n使えなくなってしまいます。\n---\n使い所に気をつけて\nくださいね。\nうがー。\n---\n	「沙龙和泥龙那样的\n古龙，见过面了吗？\n---\n与它们相见并获授\n力量之后‥\n---\n战斗时就可以\n使用那种力量。\n---\n好处是不耗AP\n不过‥\n---\n用过一次后\n---\n就要到旅店休息后\n才能再用了。\n---\n使用时机\n可得留心呀。\n呜嘎——。\n---\n
012231	WORLD/AREAM033.EMI	11	「	「
012232	WORLD/AREAM033.EMI	11	「他に、闻きますか？ヒュールについて\n古い竜の力\n竜に変身する\n話を闻かない	「还要听别的吗？关于咻尔\n古龙之力\n变身为龙\n不听故事
012233	WORLD/AREAM033.EMI	11	「あら、そうですの‥\n---\nそれでは、みなさん\nお気をつけて、うががー。	「哦，这样呀‥\n---\n那么，各位\n路上小心，呜嘎嘎——。
012234	WORLD/AREAM036.EMI	12	だんのせき	丹之关
012236	WORLD/AREAM036.EMI	12	{立绘0101}「帝都のくわしい様子が\n分かるまで‥\n---\n関を閉じることに\nなったんだよ。	{立绘0101}「在弄清帝都\n详细情况之前‥\n---\n决定关闭\n关隘了。
012239	WORLD/AREAM036.EMI	12	「化け物が‥、現れて‥\n---\n町があっと言う間に\nめちゃくちゃに‥	「怪物‥，出现了‥\n---\n城镇转眼间\n就被毁了‥
012240	WORLD/AREAM036.EMI	12	「住むところが‥\n無くなっちまったよ‥	「住的地方‥\n没有了呀‥
012242	WORLD/AREAM036.EMI	12	{立绘0101}「いっぱんの者に\n門を開くワケには\nいかん‥！	{立绘0101}「不能对\n普通人\n开门‥！
012244	WORLD/AREAM036.EMI	12	{框06}{立绘8040}「は、は！隊長どの。\n---\n呪術長、ユンナ様は\nただいまこちらに‥	{框06}{立绘8040}「是，是！队长大人。\n---\n咒术长尤娜大人\n现在就在此处‥
012246	WORLD/AREAM036.EMI	12	{框06}{立绘0202}「やー‥‥\n---\n難民のおかげで\n足止めされるとは‥\n---\nツイてませんですねー‥	{框06}{立绘0202}「呀——‥‥\n---\n居然被难民\n绊住了脚‥\n---\n真不走运呢——‥
012247	WORLD/AREAM036.EMI	12	{框03}{立绘0303}「お、お前‥！	{框03}{立绘0303}「你，你‥！
012248	WORLD/AREAM036.EMI	12	{框06}{立绘8242}「や！\n---\nたしか、東側の‥	{框06}{立绘8242}「呀！\n---\n你是，东边的‥
012249	WORLD/AREAM036.EMI	12	{框03}{立绘0403}「きさま！\n---\nやはり、きさまが\nエリーナをっ！？	{框03}{立绘0403}「你这家伙！\n---\n果然艾莉娜是\n被你‥！？
012250	WORLD/AREAM036.EMI	12	{框06}{立绘8242}「やや、エリーナ‥？\n---\nあれを‥\n見てしまったのですね‥？	{框06}{立绘8242}「呀呀，艾莉娜‥？\n---\n你看见了\n那个东西了吧‥？
012251	WORLD/AREAM036.EMI	12	{框05}{立绘0504}「姉さまを‥‥\n	{框05}{立绘0504}「姐姐大人她‥‥\n
012252	WORLD/AREAM036.EMI	12	{框05}	{框05}
012253	WORLD/AREAM036.EMI	12	{框06}{立绘8242}「や、あなたは‥\nたしか‥‥\n---\n{队员04}‥隊長さん\nでしたっけ？	{框06}{立绘8242}「呀，你是‥\n好像是‥‥\n---\n{队员04}‥队长\n来着？
012254	WORLD/AREAM036.EMI	12	{框06}{立绘8242}「なるほど‥\n---\n竜を探しに行って‥\n竜にかかわって\nしまったのですね。	{框06}{立绘8242}「原来如此‥\n---\n去找龙‥\n却和龙扯上了\n关系呀。
012255	WORLD/AREAM036.EMI	12	{框06}{立绘8242}「や、らんぼうは\nいけません‥\n---\n私は、学者なんです\n爭う気はありませんよ‥	{框06}{立绘8242}「呀，暴力\n可不行呀‥\n---\n我是，学者\n没有争斗之心哟‥
012256	WORLD/AREAM036.EMI	12	{框06}{立绘0605}「ならば、{道具5601}を\n渡してもらおうか‥？	{框06}{立绘0605}「那么，把{道具5601}\n交出来如何‥？
012257	WORLD/AREAM036.EMI	12	{框06}{立绘8242}「あ、やー‥\nはて、それが\nどこへいったやら‥	{框06}{立绘8242}「啊，那个——‥\n咦，那东西\n去哪儿了呢‥
012258	WORLD/AREAM036.EMI	12	{框06}{立绘8242}「や、らんぼうは\nいけませんよ‥\n---\nやはは、はは‥	{框06}{立绘8242}「呀，暴力\n可不行哟‥\n---\n呀哈哈，哈哈‥
012259	WORLD/AREAM036.EMI	12	\n『{道具5601}』を手に入れた！	\n得到了『{道具5601}』！
012261	WORLD/AREAM036.EMI	12	{立绘0605}「竜に‥\nかかわってしまった‥か。	{立绘0605}「与龙‥\n扯上了关系‥吗。
012262	WORLD/AREAM036.EMI	12	「ひっぐ、ぼがあざ〜ん‥	「呼嗝、多谢——啦‥
012263	WORLD/AREAM036.EMI	12	「帝都から逃げて来る\nとちゅうで、ボウヤと\nはぐれてしまって‥\n---\nああ、どうしましょう‥	「从帝都逃出来的\n路上，和小男孩\n走散了‥\n---\n啊啊，怎么办呀‥
012264	WORLD/AREAM036.EMI	12	「カカアとガキおいて\nこんなモンだけ\n持ち出して来ちまった‥	「扔下婆娘和小孩\n就只带出来\n这种玩意‥
012265	WORLD/AREAM036.EMI	12	「かあちゃん‥\n死んじまったのかな？\n---\nかわいそうに‥	「妈妈‥\n是不是死了呀？\n---\n好可怜呀‥
012266	WORLD/AREAM036.EMI	12	「戦爭が終わって\nやっと归ってこれたのに‥\n---\nこんな事になるなんて‥	「战争结束\n好不容易才回来‥\n---\n却出了这种事‥
012267	WORLD/AREAM036.EMI	12	「こうして二人\n生きてるんだもの‥\n---\nそれでじゅうぶんよ、ね？	「我们两个能\n这样活着‥\n---\n就已经足够了，对吧？
012270	WORLD/AREAM036.EMI	12	{立绘0101}「ユ、ユンナ様なら\nもう、ここにはおらんぞ！	{立绘0101}「尤，尤娜大人的话\n已经不在这里了！
012271	WORLD/AREAM036.EMI	12	{立绘0101}「ハハ‥\n---\nわが国も何やら\nいろいろと大変な\nようであります‥	{立绘0101}「哈哈‥\n---\n我国似乎也出了\n各种各样\n的乱子‥
012273	WORLD/AREAM036.EMI	12	{立绘0101}「ユンナ様が戻らんと\n門を閉めるワケにも\nいかんなぁ‥	{立绘0101}「尤娜大人没回来\n也不好一直\n关门呀‥
012275	WORLD/AREAM036.EMI	12	{立绘0101}「様子が分かるまで\n誰も通すなとの\nめいれいでありまして‥\n---\n申しわけありません！	{立绘0101}「在查明情况之前\n有令谁也不许\n通行‥\n---\n实在抱歉！
012276	WORLD/AREAM037.EMI	11	ていとのまえ	帝都门前
012277	WORLD/AREAM037.EMI	11	{框81}\n帝都フォウ·門前町{延时90}	{框81}\n帝都福乌·门前町{延时90}
012278	WORLD/AREAM037.EMI	11	{框02}「おい、にいさん‥\nどうした、だいじょうぶかい？	{框02}「喂，小哥‥\n怎么了，没事吧？
012279	WORLD/AREAM037.EMI	11	{框02}「死んじまいそうな\n顏色じゃないか‥\n---\n平気かい‥！？	{框02}「这脸色\n都快不行了‥\n---\n没事吧‥！？
012280	WORLD/AREAM037.EMI	11	{框04}{立绘8040}「ここは‥‥\n帝都‥、だな‥？	{框04}{立绘8040}「这里是‥‥\n帝都‥、吗‥？
012281	WORLD/AREAM037.EMI	11	{框02}「あ、ああ‥\n---\n恐れ多くも、神皇\n{队员06}様の\nお作りになった‥\n---\nフォウ帝国の、都さね‥	{框02}「啊、嗯‥\n---\n这里是胆大包天的神皇\n{队员06}大人\n亲手建造的‥\n---\n福乌帝国的都城呀‥
012282	WORLD/AREAM037.EMI	11	「あああ‥\n家が‥、ざいさんが‥	「啊啊啊‥\n家‥、财产‥
012283	WORLD/AREAM037.EMI	11	「でっかいイヌみたいな\n魔物がやって来て‥\n---\nその後、いろんな魔物が\nガーって、来たんだよー！	「像条大狗一样的\n魔物跑来了‥\n---\n之后，各种魔物\n呼啦啦地全来了哟！
012284	WORLD/AREAM037.EMI	11	「どろぼう‥？\n---\nち、ちがうよ‥！\n逃げようか、どうか\nなやんでるんだよ！	「小偷‥？\n---\n不、不是啦‥！\n我正在犹豫\n要不要逃呢！
012285	WORLD/AREAM037.EMI	11	「今んとこ‥\n門の外に魔物は\n出てこないみたいだよ‥\n---\nま、出てきたら\n出てきた時だね‥	「目前‥\n魔物似乎不会\n出城门‥\n---\n嘛，出来了\n再说吧‥
012288	WORLD/AREAM037.EMI	11	「ここは、都の‥\n門前町でね‥‥\n---\n帝都といっしょに\nさかえて来たんだけど‥	「这里是都城的‥\n门前町‥‥\n---\n是随着帝都\n一起兴盛起来的‥
012289	WORLD/AREAM037.EMI	11	「この門の向こうは\n帝都の、中心部ですが‥\n---\n今は、知ってのとおり\n魔物のすみかです‥‥	「这道门那边是\n帝都的中心区‥\n---\n现在正如你所知\n成了魔物的巢穴‥‥
012290	WORLD/AREAM037.EMI	11	「いらっしゃい。\n魔物だか、たたりだか\n知らないけど‥\n---\n	「欢迎光临。\n不知是魔物\n还是作祟‥\n---\n
012291	WORLD/AREAM037.EMI	11	「と‥\nお金が足りないよ。	「但‥\n你的钱不够哦。
012292	WORLD/AREAM037.EMI	11	「ルーン將軍が‥\n都の中に入られた\nそうだが‥‥\n---\nだいじょうぶだろうか‥\nうう‥	「听说鲁恩将军‥\n进到都城\n里去了‥‥\n---\n不要紧吗‥\n呜呜‥
012293	WORLD/AREAM037.EMI	11	帝国は、もう終わりだが‥	帝国已经完了，
012294	WORLD/AREAM037.EMI	11	後かたづけが、残っている‥	但还有烂摊子要收拾。
012295	WORLD/AREAM037.EMI	11	それじゃあ、ここで‥	那么，就在这里‥
012296	WORLD/AREAM037.EMI	11	おわかれですね、{队员04}さん	与你分别了，{队员04}小姐
012297	WORLD/AREAM037.EMI	11	ああ‥、ルーン將軍も探したいし‥	是啊‥也想找到鲁恩将军‥
012298	WORLD/AREAM037.EMI	11	あー、{队员04}‥	啊——，{队员04}‥
012299	WORLD/AREAM037.EMI	11	色々と、ありがとう‥	多谢你种种一切‥
012300	WORLD/AREAM037.EMI	11	わ、私は‥、べつに‥	我、我才没有‥
012301	WORLD/AREAM037.EMI	11	もう、敵じゃないだろ？	我们已经不是敌人了吧？
012302	WORLD/AREAM039.EMI	11	こうきょまえ\nえむ49、39、40	皇城门前\nM49、39、40
012303	WORLD/AREAM039.EMI	11	{框06}{立绘8040}「おい、ここは\n皇城だぞ‥\n---\nお前のような者が\n来るところでは、ない。	{框06}{立绘8040}「喂，这里可是\n皇城‥\n---\n不是你这种人\n能来的地方。
012304	WORLD/AREAM039.EMI	11	{立绘0101}「皇帝の、城だろう‥？	{立绘0101}「是皇帝的，城吧‥？
012305	WORLD/AREAM039.EMI	11	{框06}{立绘8240}「ああ、フォウ帝国\n13代皇帝‥\n---\nソーニル様の、お城だ‥\n---\n分かったら、とっとと‥	{框06}{立绘8240}「嗯，这里可是福乌帝国\n第13代皇帝‥\n---\n索尼尔大人的城‥\n---\n明白了就快滚‥
012306	WORLD/AREAM039.EMI	11	{框81}\n皇城結界內{延时90}	{框81}\n皇城结界内{延时90}
012307	WORLD/AREAM039.EMI	11	城は、こちらではない‥	城不在这边‥
012308	WORLD/AREAM039.EMI	11	{框02}{立绘0302}「誰か‥！？	{框02}{立绘0302}「什么人‥！？
012309	WORLD/AREAM039.EMI	11	{立绘8342}「神聖なる、皇城の\n結界に立ち入らんと\nするのは、誰か？	{立绘8342}「胆敢擅闯\n神圣皇城结界的\n究竟是何人？
012310	WORLD/AREAM039.EMI	11	{框06}{立绘8342}「我は、結界を守るもの‥\n---\n立ちさるがよい\n異人よ‥‥	{框06}{立绘8342}「吾乃结界守护者‥\n---\n速速离去\n异乡人啊‥‥
012311	WORLD/AREAM039.EMI	11	{框03}	{框03}
012312	WORLD/AREAM039.EMI	11	{框06}{立绘8342}「こ、これは！？	{框06}{立绘8342}「这、这是！？
012313	WORLD/AREAM039.EMI	11	{框06}{立绘8342}「神皇さま！\nお戻りでございましたか！	{框06}{立绘8342}「神皇大人！\n您回来了吗！
012314	WORLD/AREAM039.EMI	11	{框06}{立绘8342}「神皇さまの後をついだ\nヒトどもは‥\n---\n代を数えるごとに\n神皇さまをないがしろに‥	{框06}{立绘8342}「继承神皇大人的\n那些人类‥\n---\n一代比一代\n怠慢神皇大人‥
012315	WORLD/AREAM039.EMI	11	{框06}{立绘8342}「神皇さまとの盟約を\n果たすつもりが\nないのでは、と‥\n---\n心配しておりましたが‥\n---\nよくぞ、ご無事で！	{框06}{立绘8342}「老朽一直担心‥\n他们是否打算\n背弃\n---\n与神皇大人的盟约‥\n---\n如今见您平安，实在万幸！
012316	WORLD/AREAM039.EMI	11	{立绘0403}「盟約は、果たされなければ\nならない‥\n---\n私は、ふたたび\nこの世界の神となろう‥\n---\nそして‥‥	{立绘0403}「盟约必须\n履行‥\n---\n我，将再次成为\n这个世界的神‥\n---\n然后‥‥
012319	WORLD/AREAM039.EMI	11	{框06}{立绘8342}「み、都‥\n帝都を‥で、ございますか？	{框06}{立绘8342}「您是说，都城‥\n帝都‥、吗？
012321	WORLD/AREAM039.EMI	11	{框06}{立绘8342}「御意‥！	{框06}{立绘8342}「遵命‥！
012322	WORLD/AREAM039.EMI	11	{框81}\n皇城{延时90}	{框81}\n皇城{延时90}
012323	WORLD/AREAM039.EMI	11	{框05}{立绘0504}「こ、神皇さまっ！？	{框05}{立绘0504}「神、神皇大人！？
012324	WORLD/AREAM039.EMI	11	{框05}{立绘0504}「は‥、呪砲撃でも\n止められませぬか‥‥	{框05}{立绘0504}「难道‥，连咒炮击\n也拦不住您吗‥‥
012325	WORLD/AREAM039.EMI	11	{框05}{立绘0504}「くはぁ〜〜〜っっ！	{框05}{立绘0504}「库哈啊————！
012326	WORLD/AREAM039.EMI	11	{框05}{立绘0504}「ほぬぉ〜〜〜っ！！	{框05}{立绘0504}「吼呐奥————！！
012327	WORLD/AREAM039.EMI	11	{立绘C640}「終わりか‥？	{立绘C640}「结束了‥？
012328	WORLD/AREAM039.EMI	11	{框05}{立绘0504}「力の‥お戻りになった\n{队员06}さまに‥\n---\n我らのかなう道理は\nございません‥	{框05}{立绘0504}「面对力量‥恢复的\n{队员06}大人‥\n---\n我等毫无\n胜算‥
012329	WORLD/AREAM039.EMI	11	{立绘8443}「ヒトは‥\n---\n本当に、私を‥\n神を‥\n---\nその手にかける事が\nできると‥\n考えているのか？	{立绘8443}「人类‥\n---\n真的以为，凭你们\n就能将我‥\n将神‥\n---\n玩弄于股掌之间\n吗？
012330	WORLD/AREAM039.EMI	11	{框05}{立绘0504}「恐れながら‥‥\n---\n現皇帝、ソーニル様は‥	{框05}{立绘0504}「恕老朽直言‥‥\n---\n当今皇帝索尼尔大人‥
012331	WORLD/AREAM039.EMI	11	{立绘8141}「神が、必要ないと\n思うておるのだな‥？\n---\nくく‥	{立绘8141}「他是觉得\n不需要神了吧‥？\n---\n呵呵‥
012332	WORLD/AREAM039.EMI	11	{框05}{立绘0504}「しかし、もとより\nこのわたくしめ‥\n---\n神に手をかけて\n無事にすむとは\n思うて、おりませぬ！	{框05}{立绘0504}「然而，老朽‥\n原本就‥\n---\n从未想过\n对神出手\n还能全身而退！
012333	WORLD/AREAM039.EMI	11	{框05}{立绘0504}「老いぼれの、命ひとつで\nつぐなえるとは\n思いませぬが‥	{框05}{立绘0504}「虽知以风烛残年\n之命也难以\n赎罪‥
012334	WORLD/AREAM039.EMI	11	{立绘0504}「人は、時は\nうつろうもの、ゆえ‥！	{立绘0504}「人与时代\n皆为无常之物，故‥！
012335	WORLD/AREAM039.EMI	11	{立绘8141}「うつろうもの、か‥	{立绘8141}「无常之物，吗‥
012336	WORLD/AREAM039.EMI	11	‥皇城最深部へ、転送しますか？	‥要传送到皇城最深处吗？
012337	WORLD/AREAM039.EMI	11	{框06}{立绘8342}「先ほどは‥\nしつれいをいたしました。	{框06}{立绘8342}「方才‥\n失礼了。
012338	WORLD/AREAM039.EMI	11	{框06}{立绘8342}「あなたこそは、我が\n主の‥半身‥‥	{框06}{立绘8342}「您正是吾主的‥\n半身‥‥
012339	WORLD/AREAM039.EMI	11	{框04}{立绘8302}「お乘り下さい‥\n---\n主の待つ、皇城へ\n案內しましょう。	{框04}{立绘8302}「请上车‥\n---\n老朽带您前往\n吾主所在的皇城。
012340	WORLD/AREAM039.EMI	11	{立绘0302}「お送りできるのは\nここまでです‥	{立绘0302}「能送到您的\n只有这里了‥
012341	WORLD/AREAM039.EMI	11	{立绘0302}「それでは、お気をつけて\n分身さま‥	{立绘0302}「那么请多保重\n分身大人‥
012342	WORLD/AREAM039.EMI	11	‥皇城へ向かいますか？はい\nいいえ	‥要前往皇城吗？是\n否
012343	WORLD/AREAM039.EMI	11	‥皇城から出ますか？はい\nいいえ	‥要离开皇城吗？是\n否
012344	WORLD/AREAM039.EMI	11	この部屋で休めそうだ。ひと休みする\n旅の記錄をする\n何もしない	这个房间似乎能休息。小歇片刻\n保存旅程记录\n什么都不做
012345	WORLD/AREAM039.EMI	11	鍵がかかっている‥	上着锁‥
012346	WORLD/AREAM039.EMI	11	「ん‥、ここは\n宿直部屋だよ‥\n---\nなんだか、城の中が\n魔物だらけに\nなったもんだから‥\n---\nここにこもってるんだ‥	「嗯‥，这里是\n值夜房哦‥\n---\n城里面不知怎么\n变得\n到处都是魔物‥\n---\n所以我就躲在这里了‥
012347	WORLD/AREAM039.EMI	11	「あー‥‥、そう言えば‥\n---\nかいだんの鍵って\nどこに置いたっけな‥	「啊——‥‥，说起来‥\n---\n楼梯的钥匙\n放在哪儿来着‥
012348	WORLD/AREAM039.EMI	11	\n『{道具2805}』を手に入れた！	\n获得了『{道具2805}』！
012349	WORLD/AREAM039.EMI	11	「それにしても、どうして\n魔物なんか出てきたんだろう？\n---\nフキツだねぇ‥	「话说回来，为什么\n会冒出魔物来呢？\n---\n真是不合常理啊‥
012350	WORLD/AREAM039.EMI	11	ふういんされている！\n解呪するには、{道具1505}が\n必要だ‥！	被封印着！\n解咒需要\n{道具1505}‥！
012351	WORLD/AREAM039.EMI	11	ふういんされている！\n解呪するには、{道具1605}が\n必要だ‥！	被封印着！\n解咒需要\n{道具1605}‥！
012352	WORLD/AREAM039.EMI	11	ふういんされている！\n解呪するには、\n---\n{道具1705}が\n必要だ‥！	被封印着！\n解咒需要‥\n---\n{道具1705}\n才行‥！
012353	WORLD/AREAM039.EMI	11	『{道具1505}』を手に入れた！\nこれで、あおいオフダを\n解呪できます。	获得了『{道具1505}』！\n这下就能解开\n蓝之御札的封印了。
012354	WORLD/AREAM039.EMI	11	『{道具1605}』を手に入れた！\nこれで、黄色いオフダを\n解呪できます。	获得了『{道具1605}』！\n这下就能解开\n黄之御札的封印了。
012355	WORLD/AREAM039.EMI	11	『{道具1705}』を手に入れた！\nこれで、\n---\nあかいオフダのを\n解呪できます。	获得了『{道具1705}』！\n这下就能‥\n---\n解开\n红之御札的封印了。
012356	WORLD/AREAM040.EMI	11	こうきょまえ\nえむ49、39、40	皇城门前\nM49、39、40
012357	WORLD/AREAM040.EMI	11	{框06}{立绘8040}「おい、ここは\n皇城だぞ‥\n---\nお前のような者が\n来るところでは、ない。	{框06}{立绘8040}「喂，这里可是\n皇城‥\n---\n不是你这种人\n能来的地方。
012358	WORLD/AREAM040.EMI	11	{立绘0101}「皇帝の、城だろう‥？	{立绘0101}「是皇帝的，城吧‥？
012359	WORLD/AREAM040.EMI	11	{框06}{立绘8240}「ああ、フォウ帝国\n13代皇帝‥\n---\nソーニル様の、お城だ‥\n---\n分かったら、とっとと‥	{框06}{立绘8240}「嗯，这里可是福乌帝国\n第13代皇帝‥\n---\n索尼尔大人的城‥\n---\n明白了就快滚‥
012360	WORLD/AREAM040.EMI	11	{框81}\n皇城結界內{延时90}	{框81}\n皇城结界内{延时90}
012361	WORLD/AREAM040.EMI	11	城は、こちらではない‥	城不在这边‥
012362	WORLD/AREAM040.EMI	11	{框02}{立绘0302}「誰か‥！？	{框02}{立绘0302}「什么人‥！？
012363	WORLD/AREAM040.EMI	11	{立绘8342}「神聖なる、皇城の\n結界に立ち入らんと\nするのは、誰か？	{立绘8342}「胆敢擅闯\n神圣皇城结界的\n究竟是何人？
012364	WORLD/AREAM040.EMI	11	{框06}{立绘8342}「我は、結界を守るもの‥\n---\n立ちさるがよい\n異人よ‥‥	{框06}{立绘8342}「吾乃结界守护者‥\n---\n速速离去\n异乡人啊‥‥
012365	WORLD/AREAM040.EMI	11	{框03}	{框03}
012366	WORLD/AREAM040.EMI	11	{框06}{立绘8342}「こ、これは！？	{框06}{立绘8342}「这、这是！？
012367	WORLD/AREAM040.EMI	11	{框06}{立绘8342}「神皇さま！\nお戻りでございましたか！	{框06}{立绘8342}「神皇大人！\n您回来了吗！
012368	WORLD/AREAM040.EMI	11	{框06}{立绘8342}「神皇さまの後をついだ\nヒトどもは‥\n---\n代を数えるごとに\n神皇さまをないがしろに‥	{框06}{立绘8342}「继承神皇大人的\n那些人类‥\n---\n一代比一代\n怠慢神皇大人‥
012369	WORLD/AREAM040.EMI	11	{框06}{立绘8342}「神皇さまとの盟約を\n果たすつもりが\nないのでは、と‥\n---\n心配しておりましたが‥\n---\nよくぞ、ご無事で！	{框06}{立绘8342}「老朽一直担心‥\n他们是否打算\n背弃\n---\n与神皇大人的盟约‥\n---\n如今见您平安，实在万幸！
012370	WORLD/AREAM040.EMI	11	{立绘0403}「盟約は、果たされなければ\nならない‥\n---\n私は、ふたたび\nこの世界の神となろう‥\n---\nそして‥‥	{立绘0403}「盟约必须\n履行‥\n---\n我，将再次成为\n这个世界的神‥\n---\n然后‥‥
012373	WORLD/AREAM040.EMI	11	{框06}{立绘8342}「み、都‥\n帝都を‥で、ございますか？	{框06}{立绘8342}「您是说，都城‥\n帝都‥、吗？
012375	WORLD/AREAM040.EMI	11	{框06}{立绘8342}「御意‥！	{框06}{立绘8342}「遵命‥！
012376	WORLD/AREAM040.EMI	11	{框81}\n皇城{延时90}	{框81}\n皇城{延时90}
012377	WORLD/AREAM040.EMI	11	{框05}{立绘0504}「こ、神皇さまっ！？	{框05}{立绘0504}「神、神皇大人！？
012378	WORLD/AREAM040.EMI	11	{框05}{立绘0504}「は‥、呪砲撃でも\n止められませぬか‥‥	{框05}{立绘0504}「难道‥，连咒炮击\n也拦不住您吗‥‥
012379	WORLD/AREAM040.EMI	11	{框05}{立绘0504}「くはぁ〜〜〜っっ！	{框05}{立绘0504}「库哈啊————！
012380	WORLD/AREAM040.EMI	11	{框05}{立绘0504}「ほぬぉ〜〜〜っ！！	{框05}{立绘0504}「吼呐奥————！！
012381	WORLD/AREAM040.EMI	11	{立绘C640}「終わりか‥？	{立绘C640}「结束了‥？
012382	WORLD/AREAM040.EMI	11	{框05}{立绘0504}「力の‥お戻りになった\n{队员06}さまに‥\n---\n我らのかなう道理は\nございません‥	{框05}{立绘0504}「面对力量‥恢复的\n{队员06}大人‥\n---\n我等毫无\n胜算‥
012383	WORLD/AREAM040.EMI	11	{立绘8443}「ヒトは‥\n---\n本当に、私を‥\n神を‥\n---\nその手にかける事が\nできると‥\n考えているのか？	{立绘8443}「人类‥\n---\n真的以为，凭你们\n就能将我‥\n将神‥\n---\n玩弄于股掌之间\n吗？
012384	WORLD/AREAM040.EMI	11	{框05}{立绘0504}「恐れながら‥‥\n---\n現皇帝、ソーニル様は‥	{框05}{立绘0504}「恕老朽直言‥‥\n---\n当今皇帝索尼尔大人‥
012385	WORLD/AREAM040.EMI	11	{立绘8141}「神が、必要ないと\n思うておるのだな‥？\n---\nくく‥	{立绘8141}「他是觉得\n不需要神了吧‥？\n---\n呵呵‥
012386	WORLD/AREAM040.EMI	11	{框05}{立绘0504}「しかし、もとより\nこのわたくしめ‥\n---\n神に手をかけて\n無事にすむとは\n思うて、おりませぬ！	{框05}{立绘0504}「然而，老朽‥\n原本就‥\n---\n从未想过\n对神出手\n还能全身而退！
012387	WORLD/AREAM040.EMI	11	{框05}{立绘0504}「老いぼれの、命ひとつで\nつぐなえるとは\n思いませぬが‥	{框05}{立绘0504}「虽知以风烛残年\n之命也难以\n赎罪‥
012388	WORLD/AREAM040.EMI	11	{立绘0504}「人は、時は\nうつろうもの、ゆえ‥！	{立绘0504}「人与时代\n皆为无常之物，故‥！
012389	WORLD/AREAM040.EMI	11	{立绘8141}「うつろうもの、か‥	{立绘8141}「无常之物，吗‥
012390	WORLD/AREAM040.EMI	11	‥皇城最深部へ、転送しますか？	‥要传送到皇城最深处吗？
012391	WORLD/AREAM040.EMI	11	{框06}{立绘8342}「先ほどは‥\nしつれいをいたしました。	{框06}{立绘8342}「方才‥\n失礼了。
012392	WORLD/AREAM040.EMI	11	{框06}{立绘8342}「あなたこそは、我が\n主の‥半身‥‥	{框06}{立绘8342}「您正是吾主的‥\n半身‥‥
012393	WORLD/AREAM040.EMI	11	{框04}{立绘8302}「お乘り下さい‥\n---\n主の待つ、皇城へ\n案內しましょう。	{框04}{立绘8302}「请上车‥\n---\n老朽带您前往\n吾主所在的皇城。
012394	WORLD/AREAM040.EMI	11	{立绘0302}「お送りできるのは\nここまでです‥	{立绘0302}「能送到您的\n只有这里了‥
012395	WORLD/AREAM040.EMI	11	{立绘0302}「それでは、お気をつけて\n分身さま‥	{立绘0302}「那么请多保重\n分身大人‥
012396	WORLD/AREAM040.EMI	11	‥皇城へ向かいますか？はい\nいいえ	‥要前往皇城吗？是\n否
012397	WORLD/AREAM040.EMI	11	‥皇城から出ますか？はい\nいいえ	‥要离开皇城吗？是\n否
012398	WORLD/AREAM040.EMI	11	この部屋で休めそうだ。ひと休みする\n旅の記錄をする\n何もしない	这个房间似乎能休息。小歇片刻\n保存旅程记录\n什么都不做
012399	WORLD/AREAM040.EMI	11	鍵がかかっている‥	上着锁‥
012400	WORLD/AREAM040.EMI	11	「ん‥、ここは\n宿直部屋だよ‥\n---\nなんだか、城の中が\n魔物だらけに\nなったもんだから‥\n---\nここにこもってるんだ‥	「嗯‥，这里是\n值夜房哦‥\n---\n城里面不知怎么\n变得\n到处都是魔物‥\n---\n所以我就躲在这里了‥
012401	WORLD/AREAM040.EMI	11	「あー‥‥、そう言えば‥\n---\nかいだんの鍵って\nどこに置いたっけな‥	「啊——‥‥，说起来‥\n---\n楼梯的钥匙\n放在哪儿来着‥
012402	WORLD/AREAM040.EMI	11	\n『{道具2805}』を手に入れた！	\n获得了『{道具2805}』！
012403	WORLD/AREAM040.EMI	11	「それにしても、どうして\n魔物なんか出てきたんだろう？\n---\nフキツだねぇ‥	「话说回来，为什么\n会冒出魔物来呢？\n---\n真是不合常理啊‥
012404	WORLD/AREAM040.EMI	11	ふういんされている！\n解呪するには、{道具1505}が\n必要だ‥！	被封印着！\n解咒需要\n{道具1505}‥！
012405	WORLD/AREAM040.EMI	11	ふういんされている！\n解呪するには、{道具1605}が\n必要だ‥！	被封印着！\n解咒需要\n{道具1605}‥！
012406	WORLD/AREAM040.EMI	11	ふういんされている！\n解呪するには、\n---\n{道具1705}が\n必要だ‥！	被封印着！\n解咒需要‥\n---\n{道具1705}\n才行‥！
012407	WORLD/AREAM040.EMI	11	『{道具1505}』を手に入れた！\nこれで、あおいオフダを\n解呪できます。	获得了『{道具1505}』！\n这下就能解开\n蓝之御札的封印了。
012408	WORLD/AREAM040.EMI	11	『{道具1605}』を手に入れた！\nこれで、黄色いオフダを\n解呪できます。	获得了『{道具1605}』！\n这下就能解开\n黄之御札的封印了。
012409	WORLD/AREAM040.EMI	11	『{道具1705}』を手に入れた！\nこれで、\n---\nあかいオフダのを\n解呪できます。	获得了『{道具1705}』！\n这下就能‥\n---\n解开\n红之御札的封印了。
012410	WORLD/AREAM041.EMI	11	せねすた	塞内斯塔
012411	WORLD/AREAM041.EMI	11	{框06}	{框06}
012412	WORLD/AREAM041.EMI	11	{框05}	{框05}
012413	WORLD/AREAM041.EMI	11	{框05}	{框05}
012414	WORLD/AREAM041.EMI	11	{框06}{立绘C240}「エリーナは、この町で\n行方が分からなくなった‥	{框06}{立绘C240}「艾莉娜是在这座城\n失去了踪影‥
012415	WORLD/AREAM041.EMI	11	{框05}	{框05}
012416	WORLD/AREAM041.EMI	11	「まだ、壊れてる家も\n多いけれど‥\n---\nずいぶん、町らしく\nなってきたよなぁ‥？	「虽然还有不少\n损坏的房子‥\n---\n总算越来越有\n镇子的样子了呢‥？
012417	WORLD/AREAM041.EMI	11	「戦爭で、ボロボロになった\nこの町だがよ‥\n---\n修理すりゃ、また\n元どおり住めるように\nなるってもんだな。	「这镇子在战争里\n被毁得一塌糊涂‥\n---\n修一修\n就还能照旧\n住人啦。
012418	WORLD/AREAM041.EMI	11	「この町は、大戦の時\n帝国軍に呪いで\n攻撃されて‥\n---\n最近まで、人っ子一人\n住めなかったんだ‥	「这镇子在大战时\n被帝国军用诅咒\n攻击了‥\n---\n直到最近\n一个人都住不了‥
012419	WORLD/AREAM041.EMI	11	「こんな、にぎやかな町が\nついこの間まで‥\n---\n呪いのキリの中に\n沈んでたんだなぁ‥	「这么热闹的镇子\n就在不久之前‥\n---\n还沉在诅咒的\n迷雾里啊‥
012421	WORLD/AREAM041.EMI	11	「砂船なしで、砂漠を\n渡るのは大変でね‥\n---\nこんなにヤセちゃったよ。	「没有砂船渡沙漠\n可不容易‥\n---\n我都瘦成这样了。
012422	WORLD/AREAM041.EMI	11	{立绘0101}「{队员65}わわ。	{立绘0101}「{队员65}哇哇。
012423	WORLD/AREAM041.EMI	11	「あの戦爭で\nイチバンやられたのが\nこの町でね‥\n---\nどこかの王女さまが\nおみまいに来たって\n話もあるぐらいさ。	「那场战争里\n受灾最重的\n就是这镇子‥\n---\n听说哪国的公主\n还来慰问过\n这里呢。
012424	WORLD/AREAM041.EMI	11	「こっちは、砂船で\nワザワザ運んでるんだ‥\n---\nこれでも、安いぐらいだよ。	「这些是用砂船\n特地运来的‥\n---\n这已经很便宜了。
012425	WORLD/AREAM041.EMI	11	「家の修理に、使うんだ‥\nもっと安くしてくれよ！	「这是用来修房子的‥\n再便宜点嘛！
012426	WORLD/AREAM041.EMI	11	「この町には、帝国と組んで\n商売する人も\nいるらしいですね‥\n---\n敵と商売するなんて\nたくましいなぁ。	「听说这镇子里\n还有人跟帝国\n做生意‥\n---\n跟敌人做生意\n真够顽强的。
012427	WORLD/AREAM041.EMI	11	「この芸で、世界を\n渡り步くのです‥	「凭这门手艺\n我走遍天下‥
012428	WORLD/AREAM041.EMI	11	「ふーん‥	「哦——‥
012429	WORLD/AREAM041.EMI	11	{立绘0202}	{立绘0202}
012430	WORLD/AREAM041.EMI	11	「めずらしいけど‥\n何に使うか分からないねぇ。	「少见呢‥\n不知道能做什么用。
012431	WORLD/AREAM041.EMI	11	「ここは、戦爭の間\n最前線じゃったが‥\n---\n今度は、商売で\n最前線になるんじゃ！	「这里战时是\n最前线‥\n---\n今后就要成为\n做生意的前线了！
012432	WORLD/AREAM041.EMI	11	「カイダンばっかりで\n大変よね、この町‥	「这镇子尽是\n楼梯，真麻烦啊‥
012433	WORLD/AREAM041.EMI	11	「ここには、時々\n帝国の兵なんかも\n来るらしいですよ‥	「听说这里\n时不时有\n帝国的士兵来‥
012434	WORLD/AREAM041.EMI	11	「‥‥‥	「‥‥‥
012435	WORLD/AREAM041.EMI	11	{立绘0303}「呪いは消したんスけど\n魔物が残ってるんで‥\n---\n危ないから入り口を\nみはってるんス。	{立绘0303}「诅咒是解掉了\n但魔物还在‥\n---\n危险，所以我\n在门口放哨。
012436	WORLD/AREAM041.EMI	11	「みずー、水はいらんかねー！	「水——，要不要买水——呀！
012437	WORLD/AREAM041.EMI	11	{立绘0404}「ふう‥、あの子ったら\nどこ行ったのかしら‥	{立绘0404}「唉‥那孩子\n跑哪儿去了‥
012438	WORLD/AREAM041.EMI	11	{立绘0505}「ブーンって走って\nバーってかくれるんだ。	{立绘0505}「嗡地跑过去\n嘭地藏起来嘛。
012439	WORLD/AREAM041.EMI	11	{框04}{立绘8444}「待ちなさい、チノ！{延时40}	{框04}{立绘8444}「站住，奇诺！{延时40}
012440	WORLD/AREAM041.EMI	11	{立绘0505}「なんだよー‥！	{立绘0505}「干嘛呀——‥！
012441	WORLD/AREAM041.EMI	11	{立绘0404}「はぁ、はあ‥、あの子を\nチノを‥、捕まえなきゃ‥\nふう‥	{立绘0404}「呼、呼啊‥得抓住\n那孩子‥、奇诺‥\n呼‥
012442	WORLD/AREAM041.EMI	11	{立绘0505}「なんだよ‥\nおれを捕まえる気か？\n---\nブーンって逃げるから\nバーンと捕まえてみな！	{立绘0505}「怎么啦‥\n想抓我吗？\n---\n我嗡地逃跑\n你就嘭地来抓呀！
012443	WORLD/AREAM041.EMI	11	{框21}逃げ回るチノを、捕まえてください。\n追いついて、話しかければ\n捕まえる事ができます。\n---\n正面から近づくと、逃げられるので\n先回りして、待ちぶせるのがコツ。	{框21}请抓住四处乱跑的奇诺。\n追上他搭话\n即可抓住。\n---\n正面靠近会被逃掉\n提前绕过去埋伏是诀窍。
012444	WORLD/AREAM041.EMI	11	{立绘0505}「わ、捕まった‥\n---\nちぇ、分かったよ‥\nポイーンと归るよ！？	{立绘0505}「哇，被抓住了‥\n---\n切，知道了啦‥\n我咻——地回去啦！？
012445	WORLD/AREAM041.EMI	11	まだ、何も手がかりを\n見つけていない‥‥。	还没有找到任何\n线索‥‥。
012446	WORLD/AREAM041.EMI	11	{立绘0606}「あーん、見つかったー！\n---\n‥‥あーあ、じゃ教えるけど\n---\nガッテは、門の方に\n行ったよ‥。	{立绘0606}「啊——，被找到了！\n---\n‥‥哎呀，那就告诉你\n---\n加特跑到\n门那边去了‥。
012447	WORLD/AREAM041.EMI	11	{立绘0606}「ガッテ、門の外には\n出てないと思うな。	{立绘0606}「加特应该\n还没出城门。
012448	WORLD/AREAM041.EMI	11	{立绘0707}「見つかりましたか‥\nふう‥‥‥\n---\nナーマは、どこかの\nかいだんにかくれると\n言ってましたよ‥	{立绘0707}「找到了吗‥\n呼‥‥‥\n---\n纳玛说\n藏在了哪段楼梯\n后面‥
012449	WORLD/AREAM041.EMI	11	{立绘0707}「この上あたりにも\nかいだんがありますね。	{立绘0707}「这上面附近\n也有楼梯呢。
012450	WORLD/AREAM041.EMI	11	{立绘0808}「あー、ナーマ見つかった！\n---\n‥‥えーとね、ドモタは\n町のまん中の橋の上から\n見えるかもね。	{立绘0808}「啊——，纳玛找到了！\n---\n‥‥那个，多莫塔\n也许能从镇子正中的\n桥上看到哦。
012451	WORLD/AREAM041.EMI	11	{立绘0808}「ドモタ、見えた‥\n橋の上から？	{立绘0808}「多莫塔，看到了‥\n从桥上？
012452	WORLD/AREAM041.EMI	11	{立绘0909}「ちぇ、見つけやがったか‥\n---\nじゃ、教えてやるけど\nコノコはなあ‥\n---\nこの場所から、南に6步\n西に16步、北に1步\nそこからさらに、西に3步‥\n---\nそんでもって、南に3步\n西に4步‥\nの所にかくれてるよ。	{立绘0909}「切，被你找到了‥\n---\n那，告诉你吧\n科诺科呀‥\n---\n从这儿往南6步\n西16步、北1步\n再往西3步‥\n---\n然后，往南3步\n西4步‥\n就藏在那里。
012453	WORLD/AREAM041.EMI	11	{立绘0909}「いいか‥\n南6、西16、北1、西3\n南3、西4だぞ。	{立绘0909}「听好了‥\n南6、西16、北1、西3\n南3、西4哦。
012454	WORLD/AREAM041.EMI	11	{立绘8444}「‥この町の地下には\n今は使われていない\n部屋が、あるんです。	{立绘8444}「‥这镇子的地下\n有个如今\n废弃不用的房间。
012455	WORLD/AREAM041.EMI	11	{立绘8444}「戦爭のときに\n呪われたので‥\n---\n魔物たちがはびこってる\nそうなんですが‥	{立绘8444}「战争时被\n诅咒了‥\n---\n据说魔物们\n在里面横行‥
012456	WORLD/AREAM041.EMI	11	{立绘0303}「あ、入ったらダメっス！\n---\n地下は、まだ\n危ないっスよ。	{立绘0303}「啊，不能进去！\n---\n地下还很\n危险的啦。
012457	WORLD/AREAM041.EMI	11	{立绘0303}「えっ、子供が中に？	{立绘0303}「诶，有小孩进去了？
012458	WORLD/AREAM041.EMI	11	{立绘0303}「そんなワケねえっス\n---\n！\nずっと、見てたっスから‥\n---\nこのオレが、みはりを\nサボったとでも\n言うっス\n---\nか！？	{立绘0303}「不可能的啦\n---\n！\n我一直盯着呢‥\n---\n难道说我\n这个人在放哨时\n偷懒了\n---\n吗！？
012459	WORLD/AREAM041.EMI	11	{立绘0303}「ふう‥‥\n大きな声、出したら\nまた、ノドかわいたっス‥	{立绘0303}「呼‥‥\n刚才嗓门太大\n又渴了啦‥
012460	WORLD/AREAM041.EMI	11	{立绘0303}「あー、ノドかわいたー‥	{立绘0303}「啊——，渴死了——‥
012461	WORLD/AREAM041.EMI	11	「えー、みずー‥\n水はいらんかねーっ！\n---\nはー‥、またアイツが\n買ってくれんかねぇ‥	「诶——，水——\n要不要买水——呀！\n---\n唉——‥那家伙\n还会再来买吗‥
012462	WORLD/AREAM041.EMI	11	{立绘0303}「み、みず‥‥	{立绘0303}「水、水‥‥
012463	WORLD/AREAM041.EMI	11	{立绘0303}「みず、うめっス！	{立绘0303}「水，真痛快啦！
012464	WORLD/AREAM041.EMI	11	「さっきも、この人が\n水、買ってくれたんだ‥\n---\n地下入り口のみはりは\nだいじょうぶかね？	「刚才这个人也\n买了水‥\n---\n地下入口的放哨\n不要紧吗？
012465	WORLD/AREAM041.EMI	11	{框02}{立绘0505}「おれ、門のところまで\n追っかけて行ったんだ‥	{框02}{立绘0505}「我，一路追到了\n城门那儿‥
012466	WORLD/AREAM041.EMI	11	{框03}{立绘0505}「そしたら‥、門を出た\n王女様たちに‥\n---\n話しかけたやつらが\nいたんだ‥	{框03}{立绘0505}「然后‥看到有人\n凑到出城的\n公主们跟前搭话\n---\n就是这伙人‥
012470	WORLD/AREAM041.EMI	11	{框05}{立绘0A0A}「いやー、大したモンですな\nみなさん‥！	{框05}{立绘0A0A}「哎呀，真了不得啊\n诸位‥！
012471	WORLD/AREAM041.EMI	11	{框05}{立绘0A0A}「私にご用でしょ？\nマーロックです。\n---\n中で話し、闻きましょか‥	{框05}{立绘0A0A}「找我办事吧？\n我叫马洛克。\n---\n进去谈吧‥
012472	WORLD/AREAM041.EMI	11	{立绘C240}「盗賊を捕まえてこい、だと？	{立绘C240}「说是要我去抓盗贼？
012473	WORLD/AREAM041.EMI	11	{框03}	{框03}
012474	WORLD/AREAM041.EMI	11	{框06}{立绘8B4B}「でも、彼のようじんぼうを\nやっつけちゃったし‥\n---\n商人に、ただで\n物を賴もうなんて‥\n---\n無理な話だって\n{队员05}が、言ってますよ。	{框06}{立绘8B4B}「可我们已经打倒了\n他的跟班‥\n---\n还想让商人\n白送东西‥\n---\n{队员05}说\n不现实哦。
012475	WORLD/AREAM041.EMI	11	{框05}	{框05}
012476	WORLD/AREAM041.EMI	11	{框05}	{框05}
012477	WORLD/AREAM041.EMI	11	{框06}{立绘C540}「早いところ、盗賊を\n探し出して‥\n---\n戻ってくるのが\n良いようですよ。	{框06}{立绘C540}「最好尽快\n找到盗贼‥\n---\n早点回来\n交差才好哦。
012478	WORLD/AREAM041.EMI	11	{框06}	{框06}
012479	WORLD/AREAM041.EMI	11	「マーロックが盗賊に\nやられたじゃと‥！？\n---\nふーむ‥\n盗賊よりタチが悪いと\n言われてるヤツがのぉ‥	「马洛克被盗贼\n给整了‥！？\n---\n唔姆‥\n听说有比盗贼\n更坏的家伙呐‥
012480	WORLD/AREAM041.EMI	11	「えっ、盗賊？\n---\n‥‥かどうかは\nわからないけど\n---\n大きな荷物を\nかついだ男なら\n\n---\n東の街道で見かけたよ‥	「诶，盗贼？\n---\n‥‥是不是\n我不知道‥\n---\n不过扛着\n大包袱的男人\n\n---\n在东边街道见过哦‥
012481	WORLD/AREAM041.EMI	11	「盗賊だって？\n---\nマーロックの奴\nざまあないねぇ‥\n---\nあんまりアコギな\n商売するからさ！	「盗贼？\n---\n马洛克那家伙\n活该呀‥\n---\n谁让他净做\n黑心买卖呢！
012482	WORLD/AREAM041.EMI	11	「うーん、盗賊ねぇ‥\n---\n町の人間よか\n外から来た連中に\n闻いてみちゃどうだい？	「唔嗯，盗贼呐‥\n---\n比起镇上的人\n去问问外来\n那帮人如何？
012483	WORLD/AREAM041.EMI	11	「盗賊ですか？\n---\n砂漠の方では\nよく出るって話だけど\n---\nここら边じゃあ\n見かけないですよ‥	「盗贼吗？\n---\n听说沙漠那边\n常有‥\n---\n这附近\n可没见过哦‥
012484	WORLD/AREAM041.EMI	11	「盗賊なんか\nいなかったろ？\n---\nきっとマーロックの\n作り話じゃよ！	「哪儿有什么\n盗贼啊？\n---\n肯定是马洛克\n编的！
012485	WORLD/AREAM041.EMI	11	「えっ、盗賊じゃなかった？\nはは‥やっぱり、ただの\n旅人だったんですね。	「诶，不是盗贼？\n哈哈‥果然只是\n普通的旅人啊。
012486	WORLD/AREAM041.EMI	11	「よう、盗賊とやらは\n見つかったのかい？	「哟，那个盗贼\n找到了吗？
012487	WORLD/AREAM041.EMI	11	「まったくとんでもない\nヤツだよ、マーロックは！	「马洛克这家伙\n真是没救了！
012488	WORLD/AREAM041.EMI	11	「ホントに盗賊なんて\n出るのかなぁ、うーん‥？	「真会冒出\n盗贼来吗，唔——‥？
012489	WORLD/AREAM041.EMI	11	{立绘0C0C}「アタマを使わない仕事\n‥だと！？	{立绘0C0C}「不用动脑子的\n活‥！？
012490	WORLD/AREAM041.EMI	11	{框05}	{框05}
012491	WORLD/AREAM041.EMI	11	{框06}{立绘C540}「でも、理由はどうあれ\n最初の仕事はしっぱいだし‥\n---\n{立绘8D4D}なのに、ただで\n物を賴もうなんて\n---\n{立绘8B4B}無理な話だって\n{队员05}が言ってますよ。	{框06}{立绘C540}「可不管怎么说\n第一个任务已经失败‥\n---\n{立绘8D4D}还想着\n白拿东西‥\n---\n{立绘8B4B}{队员05}说\n不现实哦。
012492	WORLD/AREAM041.EMI	11	{框05}{立绘0E0C}「ぬ‥、まぁ\nそれは、そうだが‥\n---\nくそっ‥おれのせいで\n{队员01}にまで\nよけいな仕事を‥	{框05}{立绘0E0C}「唔‥，嘛\n那倒是‥\n---\n可恶‥因为我\n连累{队员01}\n多干了活‥
012493	WORLD/AREAM041.EMI	11	{框05}	{框05}
012494	WORLD/AREAM041.EMI	11	{框06}{立绘C540}「早いところ、仕事を\nすませて‥\n---\n戻ってくるのが\n良いようですよ。	{框06}{立绘C540}「最好尽快\n把活干完‥\n---\n早点回来\n交差才好哦。
012495	WORLD/AREAM041.EMI	11	{框06}	{框06}
012496	WORLD/AREAM041.EMI	11	{立绘0202}	{立绘0202}
012497	WORLD/AREAM041.EMI	11	「マーロックのヤツが‥\n---\nもっと、役に立つ物を\n売ってくれりゃいいのに！	「马洛克那家伙‥\n---\n多卖些有用的\n东西多好！
012498	WORLD/AREAM041.EMI	11	「町全体の修理には\nまだまだ、ざいりょうが\n足りないな‥	「修整整个镇子\n材料还\n远远不够呢‥
012499	WORLD/AREAM041.EMI	11	「ここもちゃんと\nなおしてやらんと‥\n---\n子供たちが、かわいそう\nだよなぁ。	「这里也得好好的\n修一修‥\n---\n不然孩子们\n太可怜了。
012500	WORLD/AREAM041.EMI	11	「ウインディアも\nだったけど‥\n---\nこの町も步きがいが\nあるね、フゥー。	「温迪亚\n也是那样‥\n---\n这镇子也很值得\n逛逛呢，呼——。
012501	WORLD/AREAM041.EMI	11	「商人仲間に闻いて\n来たのですが‥\n---\nなるほど、活気が\nありますなぁ‥。	「我向商人同行\n打听来的‥\n---\n果然，好一派\n热闹景象呐‥。
012502	WORLD/AREAM041.EMI	11	「戦爭のツメあとも\n心のキズも‥\n---\nだんだんとうすれて\nいくんだなあ‥	「战争的伤痕\n和心中的伤‥\n---\n都会渐渐\n淡去的啊‥
012503	WORLD/AREAM041.EMI	11	{立绘0F0E}「あいぼう‥見なかった？\n---\n目をはなすと、すぐ\nサボるんだよ。	{立绘0F0E}「看到我搭档了吗？\n---\n眼睛一离开\n它就偷懒。
012504	WORLD/AREAM041.EMI	11	「親にかくれて\nタバコふかしてる‥\n---\nってわけじゃないのよ\n念のため‥。	「并不是躲着父母\n偷偷抽烟哦‥\n---\n特意说明一下\n免得误会‥。
012505	WORLD/AREAM041.EMI	11	{立绘0303}「こうやって、グルグル\n回っていれば\nもう誰も入れないっす！	{立绘0303}「这样转着\n圈圈放哨\n就谁也进不来啦！
012506	WORLD/AREAM042.EMI	11	たーぼのきゃんぷう	塔博营地
012507	WORLD/AREAM042.EMI	11	{框06}{立绘8040}「‥お客だったら\nたき火のそばにおいで！\n---\n‥盗賊だったら、何も\nとるものはないよ！	{框06}{立绘8040}「‥是客人就到\n篝火旁边来！\n---\n‥是盗贼的话，这里\n没什么可抢的哦！
012508	WORLD/AREAM042.EMI	11	{框06}{立绘8040}「お客だね‥？	{框06}{立绘8040}「是客人吧‥？
012509	WORLD/AREAM042.EMI	11	{框06}{立绘8040}「‥オームとは、めずらしい\n---\nこの边りじゃ‥\nフーレンの里にしか‥	{框06}{立绘8040}「‥奥姆真是稀客\n---\n这一带‥\n只有弗雷恩村才有‥
012510	WORLD/AREAM042.EMI	11	{框06}{立绘8040}「君‥、里から来たの？	{框06}{立绘8040}「你‥，是从村里来的？
012512	WORLD/AREAM042.EMI	11	{框05}	{框05}
012513	WORLD/AREAM042.EMI	11	{框05}	{框05}
012514	WORLD/AREAM042.EMI	11	{框05}	{框05}
012519	WORLD/AREAM042.EMI	11	{立绘0101}\n---\n「ぶるぶるん	{立绘0101}\n---\n「抖抖索索
012520	WORLD/AREAM042.EMI	11	{立绘0202}{队员3C}ぴきぴき	{立绘0202}{队员3C}噼哩噼哩
012521	WORLD/AREAM042.EMI	11	今夜は、もう遲い‥\nひとまずテントに入って休もう。	今晚已经很晚了‥\n先进帐篷休息吧。
012527	WORLD/AREAM042.EMI	11	{框02}{立绘C040}	{框02}{立绘C040}
012535	WORLD/AREAM042.EMI	11	{立绘8040}「そこに住んでる\nかじやだったら‥\n---\n{道具0101}とそっくりな\n剣を作れるよ‥！	{立绘8040}「住在那里的\n铁匠的话‥\n---\n能打造一把与{道具0101}\n一模一样的剑哦‥！
012536	WORLD/AREAM042.EMI	11	{立绘8040}「火山への行き方は‥\n---\nフーレンの里へ戻れば\n誰かが知ってるハズだ‥\n---\n行ってきてくれるかい？	{立绘8040}「去火山的方法‥\n---\n回弗雷恩村的话\n总有人知道的‥\n---\n能跑一趟吗？
012537	WORLD/AREAM042.EMI	11	{立绘8040}「ありがとう、賴んだよ！	{立绘8040}「谢谢，拜托了！
012538	WORLD/AREAM042.EMI	11	{立绘8040}「ひとまず、里へ戻って‥\n---\n\n---\nグーの火山への行き道を\n教えてもらうんだ‥\n---\n賴んだよ！	{立绘8040}「先回村里‥\n---\n\n---\n打听去古之火山\n的路‥\n---\n拜托了！
012539	WORLD/AREAM042.EMI	11	ターボと話をしなければ‥	必须与塔博谈谈‥
012541	WORLD/AREAM042.EMI	11	{立绘8040}「{队员02}‥\n---\nたしかに私は\nあなたの母親だけど‥	{立绘8040}「{队员02}‥\n---\n我确实是\n你的母亲‥
012542	WORLD/AREAM042.EMI	11	{立绘8040}「あなたは、もう\n何かをやって‥\n---\nかあちゃんにあやまらないと\nいけない子供じゃない。	{立绘8040}「但你已经不是\n需要‥\n---\n向妈妈认错\n的孩子了。
012543	WORLD/AREAM042.EMI	11	{立绘8040}「あなたは‥、あなたが\nしなければならないと\n思ったことを、した‥\n---\nそうだろう？	{立绘8040}「你做了‥自己\n认为必须\n去做的事‥\n---\n对吧？
012545	WORLD/AREAM042.EMI	11	{立绘8040}「{队员01}さん‥\n---\nお姉さまのこと\nつらいだろうけど‥\n---\n気をおとしちゃダメだよ。	{立绘8040}「{队员01}先生‥\n---\n虽然担心\n姐姐大人‥\n---\n但可不能消沉啊。
012546	WORLD/AREAM042.EMI	11	{立绘8040}「もう、会えないって\n決まったわけじゃ\nないんだから、ね。	{立绘8040}「又不是已经\n注定见不到了‥\n对吧。
012547	WORLD/AREAM042.EMI	11	{立绘8040}「さて、と‥\n今日は、疲れただろう‥\n---\nこれから、どうするかは\n明日決めよう‥	{立绘8040}「那么‥\n今天也累了吧‥\n---\n接下来怎么办\n明天再决定吧‥
012548	WORLD/AREAM042.EMI	11	{立绘0303}「おはよう、	{立绘0303}「早安，
012553	WORLD/AREAM042.EMI	11	{立绘8040}「あなた達の\n事件をたてにして‥\n---\n帝国は、東側の土地へ\n自由に立ち入る權利を\n持ち出してきたのか‥	{立绘8040}「他们是想拿你们的\n事件做文章‥\n---\n搬出自由进入\n东侧土地的\n权利来了吗‥
012554	WORLD/AREAM042.EMI	11	{立绘8040}「休戦の条約にしちゃ\nムチャな事、言うね‥\n---\n何が目的なんだろう？	{立绘8040}「作为停战条约\n也太过分了吧‥\n---\n他们究竟想干什么？
012555	WORLD/AREAM042.EMI	11	{立绘0404}「帝国の連中は\nこちらの土地で、何か\n探している様なんだ‥	{立绘0404}「帝国那帮家伙\n好像在我们\n这边找什么东西‥
012556	WORLD/AREAM042.EMI	11	{立绘0503}「わたし、思ってた事が\nあるんですけど‥\n---\nあの人達が探してるの‥\n---\n	{立绘0503}「我，心里有个\n想法‥\n---\n他们要找的是‥\n---\n
012559	WORLD/AREAM042.EMI	11	{立绘0603}「いえ、あの‥\nだから、ダメだとか\nキライってわけじゃなくて‥	{立绘0603}「不，那个‥\n我不是说不行\n或者讨厌‥
012560	WORLD/AREAM042.EMI	11	{立绘8040}「ふーん‥、でも‥\n---\n帝国が探してるのが\n本当に、	{立绘8040}「哦——‥，不过‥\n---\n帝国在找的东西\n果真是‥
012561	WORLD/AREAM042.EMI	11	{立绘8040}「こりゃ、帝国とルディアの\nどっちにも‥\n---\nきりふだに、なるね‥！	{立绘8040}「这下可好，无论对\n帝国还是卢迪亚‥\n---\n都将成为王牌呢‥！
012562	WORLD/AREAM042.EMI	11	{立绘8040}「ただ、それには‥\n---\n本当にそうなのか\n知らないといけないけど‥	{立绘8040}「只不过‥\n---\n必须先弄清\n事实是否如此‥
012564	WORLD/AREAM042.EMI	11	{立绘8040}「ふうん‥\n竜のことは竜に闻け、か。\n---\nやってみるかちは\nありそうだね‥！	{立绘8040}「唔嗯‥\n龙的事要问龙，吗。\n---\n看来值得\n一试呢‥！
012565	WORLD/AREAM042.EMI	11	{立绘8040}「これを持ってお行き‥\n---\n東にある遺跡の\nかくしトビラを開くカギだ。	{立绘8040}「把这个带上‥\n---\n这是打开东边遗迹\n暗门的钥匙。
012566	WORLD/AREAM042.EMI	11	\n『{道具0805}』をもらった！	\n得到了『{道具0805}』！
012567	WORLD/AREAM042.EMI	11	{立绘8040}「それを使って\n遺跡を通り抜けて‥\n---\nウインディアへ行くといい。	{立绘8040}「用它穿过\n遗迹‥\n---\n去温迪亚吧。
012568	WORLD/AREAM042.EMI	11	{立绘8040}「	{立绘8040}「
012577	WORLD/AREAM044.EMI	11	るでぃあまち	鲁迪亚镇
012579	WORLD/AREAM044.EMI	11	{立绘0101}「この部屋には‥\nある事件の参考人が\n入れられてるんだ‥\n---\n‥って、アンタらの事だよ！	{立绘0101}「这个房间里‥\n关着某起事件的\n涉案证人‥\n---\n‥说的就是你们啦！
012580	WORLD/AREAM044.EMI	11	「ルディアも‥\n---\n戦爭のころはいろんな\n機协を作ったりして\nさかえてたんだけど、なぁ‥	「鲁迪亚也曾‥\n---\n战争年代造过各种\n机械装备\n风光过一阵呢‥
012581	WORLD/AREAM044.EMI	11	「ダムで集めた金属を‥\n---\nここでとかして\n機协の部品にするんだ‥	「在水坝收集的金属‥\n---\n就在这里熔炼\n做成机械零件‥
012582	WORLD/AREAM044.EMI	11	「南から旅して来たけど‥\n---\nとちゅうの森で何者かに\n目をつつかれたんだ‥\n---\nあの森には何か\nとりついてるよ。	「我从南边旅行过来‥\n---\n半路上的森林被什么\n戳了眼睛‥\n---\n那片森林里\n肯定附了什么东西。
012583	WORLD/AREAM044.EMI	11	「あの森はぜったい\nおかしいぜ‥\n---\n何もいないのに\n話し声がしたり‥\n---\nみみをひっぱられたり\nかみつかれたり、するんだ！	「那片森林绝对\n有古怪‥\n---\n明明什么都没有\n却有说话声‥\n---\n耳朵会被拽\n还会被咬呢！
012584	WORLD/AREAM044.EMI	11	「あたしも旅のとちゅう\nあの森で‥\n---\n‥‥を、つままれちゃった！	「我旅行途中\n也在那片森林里‥\n---\n‥‥被、被掐了！
012585	WORLD/AREAM044.EMI	11	「まったく‥\n戦爭が終わってから\nヒマになったよ。	「真是的‥\n战争结束后就\n闲得发慌了。
012586	WORLD/AREAM044.EMI	11	「仕事が無いってのに\n食ってばっかり‥！	「明明没工作\n就知道吃‥！
012587	WORLD/AREAM044.EMI	11	「戦爭が終わって\n仕事は減るし‥\n---\n休戦条約のもんだいも\nあるしで‥\n---\nルディア王家も大変だね。	「战争结束后\n活儿少了‥\n---\n停战条约又有\n一堆问题‥\n---\n鲁迪亚王室也不好过呀。
012588	WORLD/AREAM044.EMI	11	{立绘0202}「ねー、闻いた？\nなんでもフーレン族の\n族長が‥\n---\n{立绘FFFF}{立绘8343}「王女様を助けようと\n帝国にしのびこんだのよね！	{立绘0202}「喂，听说了吗？\n据说弗雷恩族的\n族长‥\n---\n{立绘FFFF}{立绘8343}「为了救王女大人\n潜进了帝国呢！
012589	WORLD/AREAM044.EMI	11	{立绘0303}「それで、その王女様‥\nルディアの王子の‥\n---\n{立绘FFFF}{立绘8242}「いいなずけ、なんでしょ！？\n---\n王家ってスキャンダラスね！	{立绘0303}「然后，那位王女‥\n是鲁迪亚王子的‥\n---\n{立绘FFFF}{立绘8242}「未婚妻，对吧！？\n---\n王室真是绯闻不断呢！
012590	WORLD/AREAM044.EMI	11	「かーちゃんたち\nウワサ話ばっかり！	「妈妈们\n就知道嚼舌根！
012591	WORLD/AREAM044.EMI	11	{立绘0404}「あかんな、工業の町は‥\nまともな宿もあらへん！\n---\n	{立绘0404}「不行呀，工业城镇‥\n连个正经旅店都没有！\n---\n
012592	WORLD/AREAM044.EMI	11	{立绘8040}「しかし‥、王子も\nつめたいお人だねぇ‥\n---\n{立绘FFFF}{立绘0101}「いや、でも‥\n---\nそのぐらいじゃないと\n国を治めるなんて\nできないのかも‥	{立绘8040}「不过‥王子也是\n够冷酷的人呀‥\n---\n{立绘FFFF}{立绘0101}「不，可是‥\n---\n没有那份冷酷\n也许就没法\n治理国家吧‥
012593	WORLD/AREAM044.EMI	11	{立绘0101}「つみに問われるのが\n分かっていて‥\n---\nフーレンの族長は\n帝国まで、行ったのかな‥\n---\n{立绘FFFF}{立绘8040}「エリーナ様のことが‥\n---\nそれほど、好きだって\n事なのかねぇ‥	{立绘0101}「明知会被\n问罪也甘愿‥\n---\n弗雷恩的族长\n还是去了帝国‥\n---\n{立绘FFFF}{立绘8040}「对艾莉娜大人的心意‥\n---\n就深到了\n这个地步吗‥
012594	WORLD/AREAM044.EMI	11	{立绘0404}「こんな夜ふけに\n出步いちゃ危ないで‥\n---\n	{立绘0404}「这么晚的半夜\n出门很危险呀‥\n---\n
012595	WORLD/AREAM044.EMI	11	「こんな夜は‥\n---\nどこかで眠っている\nお宝に、おもいを\nはせたくなりますね‥	「这样的夜晚‥\n---\n总会让人想起\n沉睡在某处的\n宝藏呢‥
012596	WORLD/AREAM044.EMI	11	\n早く{队员02}を助けに行こう‥	\n快去救{队员02}吧‥
012597	WORLD/AREAM044.EMI	11	「カミさんに\n見つかると‥\n---\n仕事しろって\nうるさいんだよ。	「被我家那位\n发现的话‥\n---\n就会唠叨个不停\n叫我干活。
012598	WORLD/AREAM044.EMI	11	「仕事もしないで\nどこ行ったんだろうね\nうちのヤドロク‥	「不干活就跑\n不知去哪了呀\n我家那口子‥
012599	WORLD/AREAM044.EMI	11	「最近、ルディアの兵が\nよく出かけて行くが‥\n---\nまた戦爭を始める気じゃ\nないよな？	「最近鲁迪亚的士兵\n老往外跑‥\n---\n该不会又想\n开战吧？
012600	WORLD/AREAM044.EMI	11	「おいおい\n闻いてくれよ‥！	「哎哎\n听我说呀‥！
012601	WORLD/AREAM044.EMI	11	「ダムが、泥の底に\nうまっちまったとかで\n---\n機协の部品を作る\n金属が集まらねえ‥\n困ったもんだよ。	「听说水坝埋进了\n泥底里‥\n---\n造机械零件的\n金属收不上来‥\n愁死人了。
012602	WORLD/AREAM044.EMI	11	「まあ、アンタらに\n話してもしょうが\nないもんな‥	「嘛，跟你们\n说了\n也是白说‥
012603	WORLD/AREAM044.EMI	11	「フーレンの人に\n南の森で、化かされるって\n闻いて来たんだけど\n---\n何にも起こらなかったよ‥	「我听说弗雷恩人\n在南边的森林\n会闹鬼才来的‥\n---\n结果啥事都没有‥
012604	WORLD/AREAM044.EMI	11	「商品の買いつけに\n来たんだが‥\n---\nずいぶん、さびしい\n町ですなぁ。	「我是来采购\n商品的‥\n---\n这镇子可真够\n冷清的呀。
012605	WORLD/AREAM044.EMI	11	{立绘0505}	{立绘0505}
012606	WORLD/AREAM044.EMI	11	「ほう、なかなかすてきな\n	「嚯，相当不错的\n
012607	WORLD/AREAM044.EMI	11	\n{占位01}と取り替えた！\n---\n	\n换成了{占位01}！\n---\n
012608	WORLD/AREAM044.EMI	11	「ありがとう、今夜は\n良い夢が見れそうです。	「谢谢你，今晚\n应该能做个好梦。
012609	WORLD/AREAM045.EMI	8	るでぃあじょうもんまえ	鲁迪亚城门前
012610	WORLD/AREAM045.EMI	8	{立绘8040}「こうなったら、もう‥\n---\n兄さまを助け出すしか\n手はありません‥！	{立绘8040}「事到如今‥\n---\n只有救出兄长大人\n这一条路了‥！
012611	WORLD/AREAM045.EMI	8	{立绘C140}「	{立绘C140}「
012612	WORLD/AREAM045.EMI	8	{立绘8140}「ありがとう‥\n---\n{立绘C140}「それでは、町の\nあの部屋で‥\n夜を待ちましょう。	{立绘8140}「谢谢‥\n---\n{立绘C140}「那么，就在镇上\n那个房间里‥\n等天黑吧。
012620	WORLD/AREAM045.EMI	8	{立绘0401}「ここはルディアのお城です。	{立绘0401}「这里是鲁迪亚的王城。
